Cs,Ts,Fs,Er,UPV
17.325,1.4634,0.3524,3.6089,2949.9016
16.7155,1.4661,0.3462,3.7363,2949.498
16.4844,1.4613,0.3435,3.7237,2949.9606
16.7376,1.4649,0.3367,3.5816,2949.8057
16.2578,1.4586,0.3432,3.7221,2949.6509
16.3132,1.458,0.346,3.6082,2947.8722
17.5775,1.4628,0.3506,3.608,2949.0707
17.5995,1.4547,0.3415,3.6969,2949.5432
17.005,1.4583,0.3562,3.5889,2950.1113
16.2005,1.4656,0.3572,3.7599,2948.5416
16.4737,1.4594,0.3583,3.7933,2949.6991
16.6584,1.4606,0.3493,3.6097,2949.8208
17.3889,1.4587,0.343,3.7192,2949.6518
16.1313,1.467,0.3544,3.7675,2949.2386
16.1744,1.4601,0.348,3.6714,2948.6132
16.371,1.4664,0.3506,3.7482,2947.818
17.1203,1.4553,0.3524,3.6504,2948.593
17.2493,1.4582,0.3377,3.7033,2947.8253
17.1182,1.4591,0.353,3.7029,2950.5392
16.811,1.465,0.3429,3.6376,2950.2992
16.792,1.4754,0.3614,3.6819,2986.3811
17.1935,1.4792,0.362,3.6492,2994.9156
16.4755,1.4756,0.3617,3.6125,2989.5055
17.3654,1.4965,0.3615,3.6583,2959.5872
16.5682,1.475,0.3608,3.5991,2975.4119
17.3741,1.5017,0.3641,3.611,2978.9423
17.0779,1.5134,0.3617,3.593,2996.0709
16.6662,1.5019,0.3615,3.5962,2995.7856
16.4186,1.5011,0.3635,3.6744,2957.9305
17.5381,1.4885,0.3603,3.5941,2962.4503
16.1797,1.5009,0.365,3.5988,2976.5713
16.4258,1.4877,0.3602,3.6623,2973.1057
16.8885,1.4973,0.3616,3.6737,2949.7927
16.97,1.509,0.3619,3.6116,2958.8619
16.9525,1.5023,0.3641,3.6255,2962.3444
17.1774,1.5171,0.3638,3.6674,2949.7088
16.8537,1.4821,0.3644,3.6835,2979.8967
16.8501,1.4679,0.3617,3.6253,2965.5957
16.3587,1.4883,0.3661,3.5924,2975.8633
16.3952,1.5113,0.3618,3.6678,2958.3775
16.1732,1.4885,0.36,3.6552,3001.8462
16.1293,1.4936,0.3645,3.6867,3000.26
16.2009,1.5129,0.3552,3.5752,3000.5583
16.1548,1.5175,0.3632,3.64,2998.0286
16.1247,1.5001,0.3653,3.6769,2999.9875
16.222,1.4962,0.3617,3.6549,2999.274
16.2116,1.5172,0.354,3.6823,3000.6854
16.1577,1.4943,0.3635,3.5658,2998.4956
16.1696,1.5065,0.3626,3.621,2998.0539
16.1638,1.5169,0.36,3.6809,3000.1279
16.101,1.4996,0.3584,3.5382,2999.7213
16.1165,1.5136,0.3613,3.6435,3000.7277
16.1445,1.5086,0.3578,3.6586,3001.9228
16.1048,1.5104,0.3645,3.5947,2999.3489
16.2063,1.5021,0.3653,3.5667,2999.5325
16.0989,1.4924,0.3656,3.5858,3000.9866
16.104,1.5054,0.3594,3.6576,3000.8753
16.0949,1.5009,0.3552,3.5849,3001.9364
16.1043,1.5145,0.359,3.675,2999.7452
16.1387,1.5008,0.3596,3.5823,3000.2179
16.6788,1.4651,0.3421,3.7254,3001.0976
17.558,1.4595,0.3465,3.7618,3001.8836
16.8498,1.4664,0.3491,3.7297,3001.9229
16.4975,1.4807,0.3428,3.7419,3001.1574
17.5314,1.4571,0.3423,3.6687,3001.677
17.6389,1.4742,0.34,3.7509,3001.5339
16.8623,1.4577,0.3496,3.5572,3001.2873
16.3916,1.4684,0.3486,3.556,3001.5472
16.6026,1.4874,0.3535,3.6997,3001.6872
16.819,1.4696,0.3486,3.5644,3001.9783
17.0863,1.459,0.3474,3.6836,3001.9944
16.6086,1.4804,0.342,3.7648,3001.933
17.0977,1.4663,0.3428,3.609,3001.9542
17.2533,1.4637,0.3401,3.6687,3001.4988
16.5505,1.4766,0.3377,3.6057,3001.756
16.4007,1.4862,0.3375,3.6136,3001.6375
16.6581,1.4723,0.3525,3.6829,3001.1396
16.6898,1.4585,0.3443,3.7381,3001.0755
16.8411,1.4616,0.3531,3.5866,3001.0569
16.9613,1.4763,0.3393,3.624,3001.9885
17.5367,1.4638,0.3433,3.719,2951.4962
17.2649,1.4622,0.3414,3.6657,2986.2886
16.4378,1.4635,0.3421,3.6535,2995.9912
17.6231,1.4628,0.3391,3.59,2957.5083
16.2415,1.4603,0.3403,3.7338,2967.0599
16.5463,1.4615,0.3559,3.5606,2970.5812
16.9176,1.4645,0.3538,3.5433,3000.9581
16.7795,1.4599,0.3538,3.5468,2985.1011
17.3036,1.4576,0.3421,3.6769,2954.1635
16.9633,1.4635,0.3384,3.586,2977.601
16.1889,1.4592,0.3368,3.5723,2988.7904
16.8282,1.4591,0.3423,3.5903,2962.044
16.8676,1.4619,0.3516,3.6782,2992.2561
17.3123,1.4542,0.3509,3.6886,2970.8789
16.9171,1.4631,0.3496,3.5397,2966.1014
16.7096,1.4601,0.3405,3.5806,2998.8188
16.625,1.4641,0.3456,3.7533,2992.1687
17.0606,1.4584,0.3425,3.6132,2993.1492
17.1037,1.4561,0.356,3.5827,2963.0133
16.1506,1.4617,0.3541,3.5944,2955.0991
16.1297,1.4799,0.3653,3.5736,2978.5041
16.0742,1.4722,0.3626,3.594,2979.1042
16.0723,1.4883,0.3645,3.5787,2980.9543
16.08,1.5096,0.3604,3.5951,2970.5596
16.1257,1.4756,0.3659,3.5834,2960.3959
16.115,1.4777,0.3642,3.5975,2968.3316
16.1102,1.4722,0.3616,3.5771,2998.1674
16.0876,1.5069,0.3645,3.5539,2951.6879
16.1232,1.5179,0.3629,3.6046,2986.35
16.0849,1.4899,0.3653,3.6015,2996.2549
16.1252,1.4739,0.362,3.5805,2997.2512
16.0893,1.4798,0.3634,3.5384,2963.0227
16.0998,1.5118,0.3615,3.5733,2992.3991
16.0811,1.4705,0.3608,3.5936,2968.8019
16.0853,1.4702,0.3615,3.6048,3007.3149
16.0729,1.4805,0.3622,3.541,2980.3472
16.0738,1.4902,0.3642,3.5742,2963.5477
16.1103,1.502,0.3603,3.5356,2954.3048
16.0864,1.4806,0.3642,3.5499,2997.6535
16.1192,1.503,0.3616,3.5637,3005.3916
16.0869,1.5016,0.3557,3.7455,3028.4732
16.5614,1.5174,0.3595,3.7297,3026.018
16.3991,1.5136,0.3605,3.792,3034.0711
16.3857,1.5007,0.3643,3.6838,3042.2742
16.6682,1.503,0.363,3.6353,3031.558
16.4721,1.488,0.3613,3.7719,3013.2871
16.4773,1.4886,0.3543,3.7575,3036.6262
16.6381,1.4952,0.3598,3.7687,3030.8768
16.6022,1.5115,0.3646,3.7639,3026.8155
16.4501,1.496,0.3549,3.7925,3019.484
16.1883,1.4982,0.3605,3.6721,3027.1016
16.2262,1.4996,0.3551,3.6578,3035.7858
16.6561,1.4924,0.3626,3.6474,3022.9245
16.0857,1.5018,0.3566,3.6168,3040.6033
16.3924,1.4909,0.3654,3.6614,3032.6514
16.1783,1.5182,0.3635,3.6614,3028.627
16.7174,1.5007,0.3566,3.7802,3030.4086
16.5405,1.5101,0.3576,3.7012,3030.7773
16.3994,1.4958,0.355,3.7952,3032.245
16.3799,1.5121,0.3587,3.6179,3016.0836
16.739,1.4879,0.3539,3.5634,3042.8678
16.8167,1.4879,0.3538,3.6725,3041.3881
16.7368,1.4879,0.3538,3.7549,3043.1102
16.7404,1.4879,0.3538,3.6255,3042.7765
16.7967,1.4879,0.3538,3.7038,3041.5817
16.7436,1.4879,0.3538,3.769,3042.2199
16.8337,1.4879,0.3539,3.7025,3042.6673
16.8336,1.4879,0.3539,3.6223,3041.2472
16.8217,1.4879,0.3539,3.7566,3043.4341
16.7502,1.4879,0.3539,3.6048,3041.5929
16.8139,1.4879,0.3539,3.6658,3042.9575
16.7963,1.4879,0.3538,3.6728,3041.3631
16.853,1.4879,0.3539,3.6462,3042.7254
16.8126,1.4879,0.3538,3.628,3041.2112
16.8315,1.4879,0.3539,3.7259,3042.6365
16.7882,1.4879,0.3539,3.6661,3041.207
16.7855,1.4879,0.3539,3.5705,3042.6378
16.8346,1.4879,0.3539,3.6144,3043.055
16.7419,1.4879,0.3538,3.6605,3042.0352
16.7482,1.4879,0.3539,3.5972,3043.0144
16.7373,1.4879,0.3537,3.542,3041.8137
16.5879,1.4879,0.3538,3.5709,3041.626
16.2854,1.4879,0.3538,3.5926,3041.379
16.3047,1.4879,0.3537,3.6049,3041.9767
16.8149,1.4879,0.3537,3.5422,3042.6319
16.5822,1.4879,0.3537,3.5581,3043.0084
16.4946,1.4879,0.3537,3.5442,3042.2499
16.5702,1.4879,0.3537,3.5735,3041.1356
16.4053,1.4879,0.3537,3.5941,3043.2933
16.4251,1.4879,0.3537,3.5867,3041.9701
16.6559,1.4879,0.3538,3.5831,3042.1168
16.56,1.4879,0.3537,3.5492,3041.537
16.8458,1.4879,0.3538,3.5676,3042.8453
16.1806,1.4879,0.3538,3.6093,3042.3911
16.7416,1.4879,0.3537,3.5449,3043.0199
16.7834,1.4879,0.3537,3.5783,3041.3757
16.6006,1.4879,0.3538,3.538,3041.6905
16.7203,1.4879,0.3537,3.5497,3042.3448
16.5201,1.4879,0.3537,3.5742,3042.02
16.6232,1.4879,0.3537,3.5676,3041.3403
24.4377,1.6332,0.9753,5.8905,3200.3284
24.4553,1.5945,0.9464,5.8905,3200.8462
24.9428,1.5329,0.9713,5.8905,3248.9193
24.5578,1.5527,0.968,5.8905,3212.9842
24.8212,1.5806,0.9679,5.8905,3196.1812
24.7348,1.5528,0.9575,5.8905,3217.0949
24.6646,1.5908,0.9548,5.8905,3251.0908
24.4427,1.5765,0.9452,5.8905,3208.29
24.7377,1.5321,0.9573,5.8905,3194.2884
24.4201,1.5607,0.9466,5.8905,3232.8626
24.803,1.5896,0.9517,5.8905,3209.5242
24.5785,1.5734,0.9547,5.8905,3226.821
24.598,1.626,0.9737,5.8905,3238.0274
24.6695,1.5431,0.9482,5.8905,3203.7825
24.5802,1.622,0.9643,5.8905,3248.7658
24.5979,1.6159,0.9552,5.8905,3219.2278
24.8723,1.5721,0.9482,5.8905,3197.0328
24.9005,1.5866,0.9425,5.8905,3217.3543
24.4111,1.5902,0.9694,5.8905,3244.0571
24.8763,1.6288,0.9524,5.8905,3196.9111
24.3067,1.5331,0.9991,5.8905,3242.2086
22.6237,1.5439,0.9943,5.8905,3190.3774
21.6027,1.5372,0.9854,5.8905,3163.7337
22.2799,1.5323,1.0012,5.8905,3168.412
23.8042,1.5381,1.0035,5.8905,3161.1376
23.2359,1.5433,0.9943,5.8905,3213.8373
22.9436,1.5434,1.0012,5.8905,3243.7646
21.285,1.5386,0.9932,5.8905,3126.4975
23.9126,1.5384,1.0012,5.8905,3092.971
21.6866,1.5351,0.9775,5.8905,3140.2009
22.3576,1.5448,1.0022,5.8905,3111.0384
23.2125,1.5339,0.9798,5.8905,3206.3951
23.8027,1.5336,0.9809,5.8905,3237.229
23.047,1.5361,0.9985,5.8905,3172.4394
22.8758,1.5436,0.9825,5.8905,3188.9708
24.0265,1.5357,0.9988,5.8905,3201.6312
22.5336,1.5399,1.0028,5.8905,3225.7392
23.6904,1.5355,0.9827,5.8905,3141.9646
23.1859,1.544,0.9985,5.8905,3188.7919
22.5543,1.54,0.995,5.8905,3191.3133
21.258,1.5523,0.9904,6.1016,3361.9792
21.2628,1.5859,0.9762,6.3879,3244.3271
21.3036,1.5499,1.0009,6.4995,3282.7574
21.2597,1.5515,1.0004,6.3978,3100.3051
21.3295,1.5735,0.9857,6.3983,3096.9454
21.3493,1.5569,0.9832,6.1181,3166.2655
21.3177,1.5456,0.9949,6.5098,3384.692
21.2695,1.5829,0.9756,6.1188,3432.3201
21.2995,1.5588,1.0057,6.6448,3394.1008
21.24,1.5853,0.9963,6.2212,3072.1394
21.3397,1.5654,0.986,6.2415,3102.4342
21.3364,1.5597,1.0056,6.1695,3522.3285
21.3287,1.589,1.0025,6.1075,3443.3042
21.2591,1.5811,0.9992,6.6386,3455.7013
21.3008,1.5582,0.9793,6.1382,3163.4296
21.2294,1.5839,0.9776,6.0932,3519.0825
21.2797,1.5592,1.0066,5.9283,3233.7733
21.2656,1.5876,0.9989,6.1223,3359.9091
21.2467,1.5862,0.9873,5.9799,3457.1515
21.2489,1.5671,0.9753,6.4756,3246.0324
21.9587,1.6143,0.9421,6.5724,3257.6139
21.4867,1.6396,0.9542,6.3455,3281.8636
22.2109,1.6094,0.9432,6.3775,3398.9283
22.0276,1.6373,0.9624,6.5756,3133.8884
22.3508,1.594,0.9672,6.4041,3311.1785
22.3564,1.6087,0.9559,6.6383,3339.849
22.2683,1.6263,0.9561,6.3945,3151.8738
21.3997,1.6271,0.9655,6.4231,3353.939
21.4502,1.5982,0.9457,6.3285,3491.6967
21.8103,1.6077,0.9466,6.5318,3408.8845
22.1137,1.6228,0.9532,6.6112,3259.3468
22.2912,1.6211,0.9507,6.6055,3476.0476
21.9367,1.626,0.9659,6.5032,3257.646
22.5289,1.6234,0.9708,6.5438,3459.719
22.3829,1.5916,0.9698,6.5487,3170.3829
22.7423,1.6045,0.9525,6.6377,3233.1384
22.1144,1.614,0.9636,6.4738,3173.1893
21.8183,1.6068,0.9542,6.6583,3444.7432
21.5031,1.5932,0.9489,6.4738,3435.4491
22.2287,1.6064,0.9504,6.661,3083.5745
23.0304,1.6267,0.9671,6.1336,3175.4305
22.9195,1.6245,0.9435,6.0538,3454.366
22.8157,1.5993,0.9494,5.9157,3338.7587
22.8705,1.558,0.9577,6.2765,3085.0422
22.8353,1.5466,0.9728,6.1604,3441.485
22.8751,1.5475,0.9604,6.0244,3389.9631
22.9247,1.6256,0.9434,6.1531,3318.0849
22.9519,1.5467,0.9691,6.1497,3057.9589
22.9301,1.5758,0.9685,5.9746,3422.5422
23.0606,1.5762,0.9592,6.1937,3494.6186
22.9491,1.5408,0.9423,6.2585,3410.958
23.0819,1.6339,0.9755,5.9154,3207.0435
22.9864,1.5639,0.9499,6.2602,3393.3917
23.0863,1.5862,0.9729,6.2598,3510.3544
22.8625,1.6005,0.9571,6.0782,3142.2823
22.9984,1.5322,0.9436,5.9,3138.3229
22.8776,1.5368,0.9449,6.2646,3260.3852
22.9971,1.5845,0.9543,6.1055,3065.7672
23.0043,1.5676,0.9593,5.9721,3201.3658
22.8086,1.6397,0.9547,5.9555,3203.2688
22.7973,1.5385,0.9764,5.9977,3518.8295
22.8337,1.539,0.9982,6.1331,3517.4453
22.3073,1.536,0.9868,6.421,3519.6358
22.0979,1.5433,0.9963,6.1225,3517.6237
22.6909,1.5329,0.9815,6.2368,3521.9804
22.1737,1.539,0.9953,6.0827,3518.1134
22.2984,1.5321,0.9893,6.0528,3520.2839
23.0915,1.5407,0.997,6.1021,3515.3603
22.3852,1.5391,0.9818,6.2622,3516.533
22.6407,1.5379,1.0034,6.152,3520.1703
22.013,1.5423,0.9812,6.2806,3520.3217
23.0981,1.5341,0.9793,6.1737,3522.138
22.5509,1.534,0.9995,6.1176,3514.5226
22.5961,1.5427,1.0036,6.1112,3521.0225
22.5528,1.5449,0.9839,6.454,3519.1496
22.1859,1.5357,0.9945,5.9862,3517.1654
22.717,1.5406,0.9786,6.1721,3520.9971
22.1686,1.5426,0.9844,6.4596,3516.3982
22.5404,1.5428,1.0021,6.4369,3514.784
23.0571,1.536,0.9972,5.8984,3518.9649
21.9023,1.5485,0.9912,6.46,3462.0677
21.8682,1.5725,0.9954,6.0504,3502.3892
21.8837,1.5512,1,6.4279,3490.8692
21.9038,1.581,0.9995,5.6387,3476.8112
21.892,1.5884,0.9824,5.672,3444.1636
21.8754,1.585,0.9942,6.0082,3447.8641
21.9013,1.5533,0.9805,5.839,3458.3581
21.8672,1.5859,0.99,6.2285,3506.1198
21.8981,1.5512,1.0035,5.8159,3478.4618
21.856,1.5471,1.0053,6.2182,3504.1557
21.8965,1.5749,0.9768,5.6358,3467.456
21.8655,1.5508,0.9872,6.0507,3453.0754
21.9015,1.5549,0.9751,5.5968,3481.9081
21.8954,1.5743,0.9916,5.5798,3483.8475
21.9076,1.5594,0.9754,5.601,3513.9687
21.8773,1.5674,0.9885,5.9708,3455.3213
21.8706,1.5688,0.9994,5.8655,3467.992
21.8792,1.5655,1.0031,6.3724,3516.3885
21.8867,1.5681,1.0026,6.4656,3505.5939
21.8731,1.5705,0.9831,5.9952,3463.7349
23.9937,1.5894,0.9749,5.816,3454.3442
24.0976,1.5894,0.9749,6.2808,3463.5852
23.9546,1.5894,0.9749,6.2832,3505.2857
24.9783,1.5894,0.9749,5.7309,3498.559
22.5422,1.5894,0.9749,5.8973,3477.3818
24.1978,1.5894,0.9749,6.1614,3447.2118
22.6325,1.5894,0.9749,5.951,3476.1678
22.2459,1.5894,0.9749,5.9015,3486.0564
23.8604,1.5894,0.9749,5.5185,3477.5107
23.3403,1.5894,0.9749,5.5081,3501.4896
23.3687,1.5894,0.9749,6.027,3445.5497
24.0411,1.5894,0.9749,6.1686,3463.7971
24.3996,1.5894,0.9749,6.171,3442.5883
23.0097,1.5894,0.9749,6.0923,3501.5825
24.0414,1.5894,0.9749,5.6794,3508.2284
23.2279,1.5894,0.9749,5.9091,3510.1825
24.6367,1.5894,0.9749,5.9032,3464.6728
24.6069,1.5894,0.9749,5.9883,3498.5593
22.6994,1.5894,0.9749,5.8942,3488.2609
23.8807,1.5894,0.9749,5.7448,3488.7772
23.8148,1.5894,0.974,6.2832,3488.6485
23.9106,1.5894,0.9747,6.2832,3345.3232
23.1502,1.5894,0.9749,6.2832,3360.6261
24.5481,1.5894,0.9749,6.2832,3469.4793
24.425,1.5894,0.9749,6.2832,3486.6224
24.8843,1.5894,0.9742,6.2832,3364.8113
22.9888,1.5894,0.9744,6.2832,3344.7604
23.6685,1.5894,0.9739,6.2832,3387.9679
24.0522,1.5894,0.9745,6.2832,3448.8325
23.6829,1.5894,0.974,6.2832,3351.1902
23.9015,1.5894,0.9742,6.2832,3407.3864
23.6645,1.5894,0.9739,6.2832,3473.701
23.9034,1.5894,0.9744,6.2832,3467.7339
23.4941,1.5894,0.9745,6.2832,3506.7152
23.9528,1.5894,0.9744,6.2832,3445.4839
22.8643,1.5894,0.9744,6.2832,3390.9764
24.6546,1.5894,0.9744,6.2832,3376.9723
24.9153,1.5894,0.9739,6.2832,3498.8762
24.9063,1.5894,0.974,6.2832,3482.7565
25.0128,1.5894,0.9746,6.2832,3353.3069
24.894,2.1482,1.1483,6.2282,3421.4733
24.8991,2.0612,1.1394,6.2217,3419.6426
24.8896,2.1456,1.1756,5.9446,3255.5187
24.9353,2.0974,1.1856,6.2056,3345.8588
24.9197,2.072,1.1909,5.9059,3399.3783
24.9362,2.1622,1.1464,6.1402,3382.2483
24.9547,2.1469,1.1606,6.2814,3241.2466
24.9593,2.0742,1.1659,5.9472,3311.0466
24.8696,2.1679,1.1435,5.9503,3430.411
24.8635,2.0984,1.1815,6.0709,3344.4392
24.9275,2.1285,1.1757,6.0964,3277.7637
24.8583,2.1248,1.1475,6.2498,3440.1634
24.9079,2.1708,1.1655,6.1341,3263.6054
24.9085,2.1709,1.1691,6.0776,3243.7978
24.9465,2.1118,1.1793,5.9019,3307.4762
24.9033,2.1024,1.1575,6.1109,3368.6031
24.8928,2.0638,1.1424,5.9643,3207.7252
24.9247,2.1409,1.1926,5.9313,3192.2811
24.9327,2.0885,1.1861,5.9572,3321.0217
24.9073,2.1059,1.1634,6.0908,3416.8604
24.9624,2.0743,1.1834,5.8905,3451.7973
24.9624,2.1051,1.1486,5.8905,3475.3725
24.9624,2.104,1.1467,5.8905,3478.4539
24.9624,2.1363,1.1336,5.8905,3451.2312
24.9624,2.138,1.1334,5.8905,3459.5508
24.9624,2.1402,1.1646,5.8905,3454.0211
24.9624,2.0881,1.1801,5.8905,3478.5079
24.9624,2.1439,1.1506,5.8905,3465.4483
24.9624,2.1059,1.1507,5.8905,3473.2027
24.9624,2.1337,1.1322,5.8905,3466.2145
24.9624,2.1394,1.1533,5.8905,3458.5764
24.9624,2.1409,1.1818,5.8905,3470.6197
24.9624,2.1127,1.1312,5.8905,3470.8762
24.9624,2.105,1.14,5.8905,3475.6647
24.9624,2.1574,1.1797,5.8905,3471.0301
24.9624,2.1666,1.1305,5.8905,3473.0285
24.9624,2.0758,1.1578,5.8905,3453.8724
24.9624,2.1485,1.1797,5.8905,3482.696
24.9624,2.087,1.1839,5.8905,3471.8241
24.9624,2.091,1.1602,5.8905,3456.4786
24.7654,2.0641,1.1748,5.5564,3457.7371
24.8594,2.1077,1.1796,5.7156,3363.4858
24.7496,2.084,1.1759,5.6104,3393.9329
24.8687,2.0989,1.1842,5.5416,3425.9739
24.7781,2.0726,1.1879,5.6426,3403.6611
24.8673,2.0681,1.1774,5.503,3456.5257
24.7686,2.1112,1.1765,5.8222,3366.0228
24.7814,2.0932,1.1827,5.6438,3452.4067
24.872,2.0685,1.1836,5.6216,3361.7101
24.9107,2.0919,1.1889,5.8247,3380.2789
24.773,2.0622,1.1831,5.832,3412.0863
24.7349,2.0571,1.1833,5.8346,3388.5402
24.8839,2.0668,1.1848,5.8541,3449.6158
24.8015,2.0683,1.1734,5.5303,3453.524
24.8573,2.0945,1.178,5.5554,3474.6483
24.7626,2.0677,1.1822,5.7503,3406.2344
24.7781,2.0963,1.1786,5.8543,3403.3629
24.9223,2.0958,1.1791,5.76,3449.2975
24.7558,2.073,1.1722,5.864,3435.3259
24.7251,2.0898,1.1761,5.8559,3409.392
26.1564,2.0801,1.1892,5.4978,3327.3121
27.1871,2.0794,1.1931,5.4978,3219.2234
26.3615,2.0886,1.1721,5.4978,3225.33
25.154,2.1157,1.1856,5.4978,3207.8791
25.2797,2.0738,1.1953,5.4978,3182.5772
25.8569,2.0724,1.1847,5.4978,3307.4836
26.8093,2.0703,1.1734,5.4978,3223.5122
27.0235,2.0955,1.1855,5.4978,3314.8579
26.9243,2.0972,1.1774,5.4978,3198.501
25.6104,2.0985,1.1825,5.4978,3297.4751
26.2111,2.0773,1.1742,5.4978,3238.7034
24.9734,2.0955,1.1749,5.4978,3263.7443
25.034,2.1157,1.1912,5.4978,3262.5346
25.1025,2.0913,1.178,5.4978,3160.7859
26.6141,2.1015,1.1839,5.4978,3081.0069
26.1027,2.0982,1.1845,5.4978,3321.5181
25.2514,2.1145,1.1723,5.4978,3076.9427
26.1022,2.0866,1.193,5.4978,3135.2102
25.1341,2.0957,1.183,5.4978,3263.4193
24.8759,2.0603,1.1955,5.4978,3333.8196
27.943,2.1196,1.1582,5.4528,3306.1918
27.7952,2.1597,1.1381,5.409,3018.4985
27.9832,2.1517,1.18,5.4571,3048.1718
27.8645,2.0966,1.1882,5.4768,3402.9954
27.8065,2.0901,1.1859,5.4809,3235.5068
27.925,2.0914,1.192,5.3028,3009.0556
27.9574,2.1449,1.1827,5.4112,3332.0616
28.0134,2.17,1.1385,5.4479,3008.4401
27.5099,2.1323,1.1449,5.3546,3401.4004
27.9505,2.1558,1.1342,5.422,3308.164
27.8217,2.1562,1.1906,5.3823,3202.5467
28.0139,2.1229,1.1913,5.3451,3055.5881
27.7784,2.0886,1.1312,5.3581,3307.0726
27.7539,2.1025,1.1614,5.3118,3419.2443
27.9179,2.1214,1.1438,5.3486,3037.9511
27.6257,2.0653,1.1755,5.4635,3376.3324
27.7634,2.0978,1.1881,5.3995,3093.2613
27.9686,2.1503,1.1638,5.4393,3344.8701
27.8024,2.1156,1.1685,5.3284,3321.303
27.9402,2.0893,1.1353,5.3676,3085.6066
26.8902,2.1386,1.1393,5.3014,3475.5912
27.1235,2.0754,1.142,5.3014,3480.2003
27.642,2.1022,1.1388,5.3014,3471.1974
27.0006,2.1256,1.1873,5.3014,3496.6293
27.8915,2.1592,1.1748,5.3014,3461.282
27.0624,2.054,1.1421,5.3014,3489.2341
27.0089,2.1718,1.1698,5.3014,3503.4425
26.9038,2.1425,1.1429,5.3014,3471.3399
26.6577,2.0928,1.1568,5.3014,3492.4924
26.5178,2.0986,1.1863,5.3014,3465.2862
26.8437,2.1223,1.1647,5.3014,3451.6831
27.1304,2.0975,1.1386,5.3014,3464.5184
26.6003,2.1677,1.1676,5.3014,3475.4734
27.1325,2.1194,1.1408,5.3014,3454.0626
27.9931,2.1334,1.1347,5.3014,3463.5203
27.8344,2.0777,1.1426,5.3014,3478.7985
26.7006,2.0708,1.1614,5.3014,3473.3118
27.2789,2.0627,1.1698,5.3014,3454.1913
26.7279,2.1373,1.1573,5.3014,3505.3174
27.699,2.0652,1.1427,5.3014,3500.3415
26.6866,2.0597,1.1859,5.1126,3440.4924
26.7141,2.0788,1.1738,5.1901,3415.224
26.5021,2.0969,1.1844,5.13,3389.5929
26.7087,2.0634,1.1854,5.1889,3397.5812
26.6193,2.0578,1.1737,5.2079,3404.9559
26.5083,2.0604,1.1877,5.185,3379.0221
26.6644,2.0598,1.1779,5.1174,3388.2346
26.559,2.0789,1.184,5.299,3443.7338
26.5344,2.1165,1.184,5.2463,3435.7792
26.5636,2.0899,1.175,5.2866,3396.0433
26.5427,2.0716,1.18,5.17,3447.5851
26.5578,2.0963,1.1783,5.1781,3396.3563
26.5059,2.0932,1.1746,5.2831,3399.0447
26.716,2.1121,1.1792,5.1701,3426.5781
26.5907,2.0669,1.1839,5.2802,3380.9036
26.6817,2.0569,1.1861,5.1771,3406.8353
26.7373,2.0985,1.1786,5.2677,3417.045
26.6677,2.0638,1.1851,5.2409,3392.3957
26.6808,2.0965,1.1723,5.2347,3418.3578
26.6486,2.058,1.187,5.1348,3432.9198
26.591,2.1175,1.1719,5.2352,3331.4056
25.8388,2.1175,1.172,5.5852,3299.1866
25.0944,2.1175,1.1719,5.4411,3294.4163
25.0514,2.1175,1.1719,5.4513,3348.4177
26.2905,2.1175,1.1719,5.497,3376.5329
26.4174,2.1175,1.172,5.2038,3289.0825
25.6856,2.1175,1.1719,5.3739,3302.7903
25.531,2.1175,1.1719,5.3171,3368.0187
25.9893,2.1175,1.1719,5.1743,3250.9152
26.4225,2.1175,1.1719,5.2616,3268.9472
24.8995,2.1175,1.1719,5.545,3371.403
26.6769,2.1175,1.1719,5.4639,3250.5035
26.6284,2.1175,1.1719,5.3022,3286.4636
26.5538,2.1175,1.1719,5.3115,3347.4748
26.5037,2.1175,1.1719,5.385,3310.3831
25.5707,2.1175,1.1719,5.3198,3251.5816
25.6677,2.1175,1.1719,5.5346,3248.9439
26.7385,2.1175,1.1719,5.3944,3275.544
24.9339,2.1175,1.1719,5.1393,3372.3206
25.3496,2.1175,1.1719,5.6844,3309.1919
26.3717,2.1175,1.1717,5.6656,3206.3558
24.9283,2.1175,1.1717,5.5393,3195.5437
26.6341,2.1175,1.1717,5.4032,3189.4533
26.7924,2.1175,1.1717,5.4213,3201.3213
26.8994,2.1175,1.1718,5.6895,3218.3893
26.6309,2.1175,1.1719,5.4803,3219.7654
26.4738,2.1175,1.1716,5.5374,3241.2105
25.8913,2.1175,1.1716,5.5728,3218.1412
25.1727,2.1175,1.1717,5.5034,3231.1332
25.6457,2.1175,1.1717,5.302,3191.097
25.0793,2.1175,1.1717,5.3189,3233.0785
24.8587,2.1175,1.1719,5.3737,3219.448
26.8025,2.1175,1.1718,5.3145,3227.3153
25.4375,2.1175,1.1716,5.5609,3243.6823
25.4251,2.1175,1.1719,5.3474,3205.9153
25.5052,2.1175,1.1716,5.5476,3229.4288
25.7922,2.1175,1.1719,5.6216,3200.6997
26.1799,2.1175,1.1718,5.5946,3242.4944
24.8466,2.1175,1.1718,5.4661,3234.1394
26.5951,2.1175,1.1718,5.51,3209.3594
27.4028,2.2935,1.3404,4.6068,3606.1075
27.44,2.3336,1.399,4.6432,3581.8153
27.3762,2.33,1.354,4.6309,3409.4983
27.3886,2.3057,1.3764,4.4591,3419.3502
27.3392,2.2278,1.3626,4.3769,3672.7606
27.3547,2.2722,1.3794,4.3802,3491.2494
27.4159,2.2287,1.3445,4.4616,3454.7936
27.374,2.2606,1.3451,4.5137,3451.4022
27.4456,2.2246,1.3652,4.5142,3450.9641
27.3472,2.3249,1.3982,4.4881,3669.4018
27.457,2.2877,1.3661,4.3538,3574.3644
27.4004,2.3332,1.3471,4.621,3663.8064
27.4215,2.325,1.364,4.5186,3538.1912
27.4584,2.2759,1.3867,4.6846,3676.6215
27.3686,2.2219,1.3799,4.5368,3724.9551
27.3846,2.299,1.3968,4.4077,3561.6251
27.3909,2.2251,1.3766,4.5895,3516.6695
27.4287,2.2797,1.3841,4.4303,3536.8435
27.4355,2.2915,1.384,4.6588,3525.7749
27.345,2.3171,1.3701,4.4288,3625.3469
27.4604,2.2533,1.3461,4.4602,3651.1864
27.4625,2.3254,1.3426,4.5082,3672.9205
27.4591,2.2959,1.4259,4.4313,3688.6804
27.4643,2.2191,1.3432,4.5203,3650.1822
27.4622,2.2389,1.3686,4.6237,3692.5513
27.4604,2.2576,1.4227,4.5507,3672.4444
27.4608,2.2527,1.3861,4.603,3721.0459
27.4686,2.2354,1.4362,4.5795,3662.9636
27.466,2.3028,1.3965,4.4406,3687.015
27.4637,2.3063,1.3831,4.4277,3698.1881
27.4687,2.2983,1.3798,4.4805,3704.0565
27.4596,2.2331,1.3427,4.6867,3729.1348
27.4668,2.2804,1.4148,4.6189,3660.7393
27.4667,2.3211,1.4152,4.6574,3738.7008
27.4647,2.2809,1.4176,4.3968,3671.8929
27.4605,2.2153,1.4118,4.3965,3747.5273
27.4651,2.2612,1.3644,4.4487,3740.2798
27.4618,2.2308,1.3368,4.5482,3735.1234
27.4599,2.2948,1.3743,4.571,3654.1951
27.4608,2.3228,1.4347,4.6678,3671.0612
27.3244,2.2093,1.4076,4.2847,3600.4361
27.4581,2.2431,1.4309,4.2455,3578.5217
27.4303,2.229,1.4366,3.959,3598.8873
27.4609,2.2604,1.4377,4.0153,3569.5193
27.398,2.207,1.4422,3.9863,3574.6096
27.4675,2.2479,1.4235,3.9284,3575.4661
27.324,2.2276,1.4321,4.0258,3630.7058
27.4378,2.2042,1.4339,4.2994,3591.7315
27.4545,2.2685,1.4386,4.3117,3641.6053
27.4198,2.2172,1.4217,4.0019,3570.0543
27.3956,2.2457,1.4084,4.0505,3587.3548
27.4532,2.2602,1.4258,3.957,3630.4937
27.3081,2.2197,1.4381,3.9893,3593.1695
27.4158,2.2644,1.4388,4.0921,3646.3521
27.4214,2.2666,1.3992,4.018,3577.6561
27.4596,2.222,1.4279,3.9827,3646.5466
27.4213,2.2602,1.4379,4.1648,3574.3877
27.4621,2.228,1.4009,4.2726,3634.0604
27.3876,2.2138,1.4045,4.1452,3586.0066
27.3461,2.2588,1.4081,4.2335,3615.647
29.1709,2.2232,1.3976,3.9741,3381.0677
27.5728,2.2261,1.397,3.9535,3259.1627
27.5461,2.2519,1.4001,4.1228,3363.6208
29.6025,2.2627,1.3955,4.0761,3541.1675
29.9802,2.2445,1.4005,3.9921,3495.9669
28.8836,2.258,1.3998,4.242,3538.2535
27.6297,2.2681,1.3989,3.9274,3555.2162
29.746,2.2631,1.3974,4.1278,3390.7024
28.3058,2.2666,1.4002,4.038,3276.1976
28.1755,2.2602,1.4009,4.0471,3300.3558
29.5112,2.2415,1.3945,4.1828,3422.9563
27.3379,2.232,1.3998,4.1064,3530.5117
27.4504,2.2304,1.3987,4.1718,3432.4472
29.2797,2.2656,1.3973,4.0795,3439.5929
29.0894,2.2671,1.3981,4.0363,3357.5146
28.8609,2.2644,1.3996,3.9846,3383.0004
29.4622,2.2487,1.3985,4.13,3499.5608
29.3959,2.2569,1.3996,4.1307,3365.9392
29.6147,2.2427,1.3947,4.1431,3458.9025
28.1577,2.2207,1.3969,4.111,3285.0333
30.6495,2.2464,1.3735,4.3197,3572.8028
30.5731,2.2877,1.3576,4.3197,3570.6415
30.4831,2.245,1.3595,4.3197,3479.0881
30.2949,2.2567,1.3432,4.3197,3478.4366
30.6987,2.2954,1.361,4.3197,3278.9128
30.45,2.2231,1.3608,4.3197,3394.5031
30.6019,2.3341,1.3437,4.3197,3545.3458
30.6768,2.3239,1.3509,4.3197,3363.9406
30.3192,2.3109,1.352,4.3197,3307.0857
30.3322,2.2264,1.3934,4.3197,3511.7705
30.5691,2.3268,1.3877,4.3197,3482.164
30.533,2.2825,1.3934,4.3197,3287.596
30.7607,2.2511,1.346,4.3197,3543.4645
30.7093,2.2178,1.3761,4.3197,3379.7309
30.673,2.2661,1.3713,4.3197,3641.1314
30.2892,2.3353,1.3962,4.3197,3582.5278
30.3013,2.2965,1.3994,4.3197,3477.8701
30.3101,2.2818,1.3382,4.3197,3419.1708
30.7089,2.3082,1.3907,4.3197,3593.7375
30.7902,2.2544,1.34,4.3197,3318.0922
29.6825,2.2447,1.3618,4.3197,3663.8924
30.6021,2.2874,1.344,4.3197,3672.574
29.6175,2.3257,1.41,4.3197,3673.3627
30.6383,2.2146,1.345,4.3197,3673.0128
30.6264,2.3219,1.3425,4.3197,3671.0417
29.7542,2.2369,1.4125,4.3197,3660.9173
30.2741,2.2322,1.3359,4.3197,3661.8695
29.7324,2.2889,1.353,4.3197,3668.2769
29.5735,2.3326,1.366,4.3197,3675.9733
29.8501,2.3332,1.3705,4.3197,3666.6466
29.5887,2.2908,1.4146,4.3197,3667.34
30.4308,2.2406,1.3988,4.3197,3677.8373
29.5971,2.2168,1.3926,4.3197,3668.1598
29.2043,2.273,1.3995,4.3197,3672.9574
29.3771,2.328,1.3362,4.3197,3669.1072
30.6785,2.2817,1.3746,4.3197,3673.833
30.2114,2.2912,1.3959,4.3197,3660.9545
30.2068,2.2954,1.3458,4.3197,3674.2147
29.6803,2.2964,1.3658,4.3197,3665.4527
29.8255,2.2075,1.4009,4.3197,3673.8561
29.451,2.2442,1.4459,4.3197,3554.0613
29.293,2.2205,1.4445,4.3197,3615.2264
29.2325,2.2678,1.426,4.3197,3590.631
29.1878,2.2064,1.4373,4.3197,3502.2335
29.4445,2.2429,1.4298,4.3197,3643.3786
29.2324,2.2512,1.4317,4.3197,3536.5438
29.3008,2.2693,1.4297,4.3197,3504.756
29.362,2.2732,1.415,4.3197,3640.4012
29.2411,2.2159,1.4174,4.3197,3548.8919
29.3958,2.204,1.4039,4.3197,3559.0147
29.3368,2.2124,1.4262,4.3197,3606.3361
29.2122,2.2153,1.406,4.3197,3557.7011
29.4482,2.2439,1.4113,4.3197,3559.0019
29.193,2.2437,1.4167,4.3197,3621.5674
29.2655,2.257,1.4007,4.3197,3552.0488
29.2442,2.2115,1.4234,4.3197,3614.9115
29.3542,2.2555,1.4155,4.3197,3511.4367
29.1896,2.2412,1.4051,4.3197,3546.1831
29.3071,2.2364,1.4173,4.3197,3583.4441
29.1946,2.2455,1.3936,4.3197,3593.6269
29.2775,2.2741,1.3928,4.3657,3461.7642
27.7669,2.2741,1.3929,4.3274,3484.861
28.8746,2.2741,1.3929,4.7411,3452.7579
28.1734,2.2741,1.393,4.8499,3475.4354
27.3623,2.2741,1.3929,4.6912,3466.0169
28.5579,2.2741,1.3929,4.4793,3483.841
27.9684,2.2741,1.3929,4.432,3480.7477
27.8261,2.2741,1.3927,4.8986,3473.7595
28.5575,2.2741,1.3927,4.5614,3492.354
28.0567,2.2741,1.3932,4.6856,3474.1183
29.2832,2.2741,1.3927,4.8649,3478.1019
27.4313,2.2741,1.3932,4.692,3462.6634
29.1086,2.2741,1.3928,4.4102,3452.0069
28.9317,2.2741,1.3931,4.4562,3477.9091
27.7368,2.2741,1.393,4.8726,3451.5299
28.434,2.2741,1.3931,4.6098,3474.9928
27.8016,2.2741,1.3929,4.6056,3489.3651
28.6399,2.2741,1.3931,4.6343,3474.5477
28.9165,2.2741,1.393,4.8487,3497.6036
29.4462,2.2741,1.3931,4.6043,3462.8302
28.8604,2.2741,1.3936,4.8944,3449.4566
28.2891,2.2741,1.3942,4.7585,3396.9749
28.3411,2.2741,1.3942,4.8139,3426.6568
28.7117,2.2741,1.3938,4.8756,3408.6469
27.4216,2.2741,1.3938,4.8511,3373.5952
28.0225,2.2741,1.3935,4.8548,3371.1306
29.0934,2.2741,1.3939,4.8514,3358.7645
28.9146,2.2741,1.394,4.7239,3398.5763
27.5761,2.2741,1.3941,4.8285,3424.6439
27.5874,2.2741,1.3937,4.8268,3448.7931
27.4988,2.2741,1.394,4.8173,3402.9273
27.3007,2.2741,1.3935,4.8473,3426.8102
28.274,2.2741,1.3933,4.7396,3409.1104
28.8188,2.2741,1.3934,4.7996,3448.8694
28.9767,2.2741,1.3941,4.8002,3392.7999
28.5274,2.2741,1.3941,4.893,3424.2642
27.5374,2.2741,1.3935,4.8395,3364.5845
28.763,2.2741,1.3934,4.8432,3369.3534
27.5789,2.2741,1.3939,4.7436,3409.7203
27.5971,2.2741,1.3937,4.8491,3429.4883
17.6885,1.4281,3.0281,4.5186,3392.7946
17.6356,1.357,3.0255,4.574,3334.3115
17.0863,1.4602,3.0241,4.396,3357.6499
17.4402,1.3566,3.0293,4.5064,3355.4572
17.266,1.3777,3.0396,4.3586,3375.3052
17.4589,1.4362,3.0145,4.6932,3321.4695
17.3299,1.4413,3.0142,4.464,3329.1598
17.3441,1.372,3.0209,4.6562,3387.063
17.1392,1.3548,3.0313,4.7042,3314.412
17.2045,1.4848,3.0217,4.4403,3355.8726
16.9992,1.5585,3.0101,4.6487,3390.9522
17.7886,1.4805,3.0111,4.3378,3358.476
17.5526,1.3797,3.024,4.6608,3311.1182
17.7964,1.5205,3.0188,4.4515,3346.5134
17.1242,1.4139,3.0122,4.438,3338.4798
17.7863,1.4899,3.0279,4.6713,3329.1112
17.6758,1.4777,3.0316,4.5237,3358.2388
17.4859,1.3326,3.0244,4.422,3367.2434
17.3659,1.3964,3.0097,4.6892,3303.6067
17.2064,1.5387,3.0174,4.6369,3312.1981
16.8225,1.4837,3.0368,4.6331,3315.0061
17.5412,1.5254,3.0268,3.9381,3397.5395
17.7671,1.4928,3.0346,4.6214,3370.0582
16.8014,1.5174,3.0298,4.301,3403.4546
16.9334,1.541,3.0259,4.6313,3348.5972
16.873,1.5559,3.0357,4.6447,3348.5929
16.9734,1.4458,3.0342,4.2745,3397.1954
17.2797,1.4923,3.04,3.9912,3396.7141
17.3186,1.4884,3.0347,4.6643,3355.3893
16.7343,1.528,3.028,4.0216,3336.0464
17.4193,1.4552,3.0343,4.3264,3338.7802
16.7365,1.5093,3.0254,4.4443,3355.2045
16.7715,1.5324,3.0315,4.0659,3318.4189
16.6847,1.5557,3.0383,3.9688,3306.5735
17.1608,1.5465,3.03,4.2023,3397.3007
16.9822,1.5026,3.0382,3.9444,3311.8759
16.5492,1.4787,3.0268,4.3152,3322.5215
17.2455,1.523,3.0296,4.002,3373.6118
17.7729,1.5593,3.0248,4.2847,3335.621
16.6648,1.4846,3.0371,4.0689,3394.0753
16.797,1.4215,3.0099,4.2694,3422.4452
16.6591,1.3828,3.0146,4.2495,3410.0209
16.9798,1.3353,3.0168,4.2336,3422.6441
16.5938,1.389,3.0227,4.2738,3421.8451
16.8077,1.3421,3.0226,3.9394,3425.7306
16.784,1.3943,3.0193,4.3127,3426.0232
16.6752,1.3398,3.01,4.2719,3414.8575
16.5528,1.4002,3.0087,4.1814,3417.6304
16.4944,1.4282,3.0146,4.2044,3411.5453
16.6921,1.3935,3.0176,4.2996,3410.7408
16.5738,1.3981,3.0138,4.0967,3418.9743
16.8443,1.3287,3.0145,4.2848,3411.535
16.6668,1.3291,3.0149,4.3131,3415.2484
16.9021,1.4077,3.0117,4.1002,3415.5044
16.8485,1.3346,3.0105,4.0251,3418.2882
16.767,1.3501,3.0094,4.1742,3421.4788
16.5701,1.334,3.0108,4.162,3409.3362
16.96,1.3712,3.0163,3.931,3422.686
16.6143,1.4007,3.0184,4.1377,3422.3492
16.9436,1.3958,3.0167,4.1309,3413.5706
17.1629,1.4951,3.0092,4.6818,3391.9922
17.2844,1.4749,3.0312,4.3887,3423.1449
17.0523,1.461,3.0277,4.5541,3422.45
17.5008,1.5173,3.0176,4.3221,3421.8824
17.1278,1.3609,3.0195,4.6374,3392.5057
17.0178,1.389,3.0118,4.5498,3421.5628
17.5682,1.4143,3.0381,4.4309,3423.0769
17.2632,1.3508,3.0359,4.4104,3413.7971
17.5174,1.4998,3.0264,4.3577,3396.3046
17.2928,1.403,3.0228,4.5285,3391.6809
17.4904,1.4661,3.0282,4.3737,3396.2115
16.9988,1.5355,3.0313,4.621,3424.353
17.7203,1.3941,3.0113,4.3379,3404.6036
17.631,1.5003,3.0316,4.3246,3419.9189
17.5866,1.4382,3.0188,4.6436,3405.4327
17.6412,1.4238,3.0201,4.6475,3392.8124
17.2923,1.5204,3.0141,4.3882,3412.3644
17.4822,1.4494,3.0292,4.6292,3392.3225
17.4483,1.4382,3.0248,4.4404,3399.7571
17.4114,1.5282,3.0127,4.6855,3425.0225
17.6349,1.5455,3.0287,4.3665,3385.8036
17.6501,1.5462,3.0254,4.6319,3364.6992
17.5334,1.5453,3.0367,4.5006,3380.585
17.6621,1.4844,3.0377,4.4257,3367.7239
17.3308,1.4463,3.0326,4.398,3364.2867
17.2265,1.4919,3.0386,4.3786,3375.2469
17.7756,1.5119,3.0372,4.5275,3376.2537
17.4852,1.5597,3.0348,4.373,3370.0016
17.7428,1.4559,3.0337,4.4633,3381.3888
17.3322,1.4466,3.0314,4.6257,3370.8761
17.2247,1.4447,3.0256,4.6574,3363.5333
17.7544,1.4528,3.036,4.6555,3366.5559
17.2533,1.5395,3.0305,4.4084,3369.0302
17.7824,1.495,3.0326,4.5156,3369.7357
17.4001,1.5023,3.0383,4.5825,3372.4822
17.3427,1.4596,3.0376,4.3862,3371.1825
17.4861,1.5176,3.037,4.4256,3378.9625
17.2843,1.455,3.029,4.6986,3372.0291
17.2765,1.4888,3.0257,4.3993,3387.8469
17.4333,1.4704,3.0285,4.4151,3383.8891
19.3014,1.2874,3.1381,6.2519,3395.9637
19.3525,1.3158,3.1381,6.4797,3408.5573
19.3297,1.2944,3.1381,6.8391,3393.5183
19.2399,1.2557,3.1381,6.2854,3394.6971
19.2816,1.2913,3.1381,6.8757,3407.5073
19.6076,1.3156,3.1381,6.6105,3398.8107
19.8145,1.2318,3.1381,6.8882,3410.1212
19.44,1.309,3.1381,7.0065,3402.1322
19.4759,1.241,3.1381,6.253,3401.1228
19.8431,1.223,3.1381,6.9881,3403.9408
19.8183,1.2526,3.1381,6.3959,3396.5627
19.6462,1.2908,3.1381,5.9497,3410.8887
19.8456,1.3091,3.1381,6.9404,3398.046
19.7039,1.2605,3.1381,6.4014,3410.2845
19.4286,1.2457,3.1381,6.913,3406.6725
19.637,1.2921,3.1381,6.9375,3410.1024
19.3694,1.224,3.1381,6.1222,3400.1229
19.4023,1.2576,3.1381,6.0136,3391.4666
19.6484,1.2698,3.1381,6.7268,3401.4725
19.5509,1.3022,3.1381,6.4023,3403.2429
19.9302,1.2796,3.1381,5.9139,3270.2937
19.966,1.3075,3.1381,6.2497,3239.1618
19.9936,1.2642,3.1381,6.9615,3234.657
19.9624,1.2838,3.1381,6.5898,3373.156
19.9564,1.2806,3.1381,6.5756,3288.4279
19.9624,1.2969,3.1381,6.9121,3388.4674
19.9489,1.2997,3.1381,6.8734,3236.8668
19.8686,1.317,3.1381,6.0607,3342.6307
19.9879,1.2932,3.1381,5.953,3249.3249
20.0397,1.2708,3.1381,6.9243,3210.8134
19.9195,1.2807,3.1381,6.3851,3199.6827
20.035,1.2607,3.1381,6.064,3399.0422
19.918,1.2837,3.1381,6.1562,3229.4606
20.0191,1.2885,3.1381,6.2527,3264.6196
19.9382,1.3146,3.1381,6.7897,3302.2501
19.9305,1.2801,3.1381,6.2599,3347.5953
19.8939,1.2949,3.1381,5.9145,3346.8446
19.8766,1.3036,3.1381,6.8684,3211.3852
19.9109,1.2742,3.1381,7.0589,3201.5264
19.9891,1.2673,3.1381,7.0442,3200.13
21.0668,1.2282,3.1381,6.296,3234.8939
20.95,1.2339,3.1381,6.3296,3205.0547
20.0532,1.2056,3.1381,6.6098,3207.385
21.1459,1.2554,3.1381,5.9554,3252.2839
21.2496,1.2388,3.1381,6.017,3210.861
21.0511,1.2584,3.1381,6.7166,3209.0825
20.0963,1.2576,3.1381,6.4624,3244.7773
20.5362,1.2228,3.1381,6.9833,3222.3449
20.9638,1.2305,3.1381,7.0542,3241.7415
20.9968,1.2274,3.1381,5.9966,3204.8037
20.3344,1.2439,3.1381,6.9447,3201.2873
20.3931,1.2206,3.1381,6.4248,3206.3812
20.9228,1.2236,3.1381,6.0028,3208.3708
20.6664,1.2188,3.1381,6.2352,3227.721
20.8581,1.2243,3.1381,6.2772,3211.196
20.3504,1.234,3.1381,6.2061,3254.6397
20.2726,1.2177,3.1381,6.0103,3198.231
21.1281,1.2027,3.1381,6.5091,3243.1021
21.0458,1.229,3.1381,6.9994,3238.9176
21.2655,1.2147,3.1381,6.7867,3240.2919
21.311,1.3179,3.1381,6.9176,3293.8759
21.2832,1.2763,3.1381,6.5131,3303.0516
21.3143,1.2338,3.1381,6.0384,3295.3306
21.168,1.2724,3.1381,5.892,3272.3092
21.279,1.2763,3.1381,6.0346,3306.8395
21.0158,1.3084,3.1381,7.0244,3282.5845
21.3143,1.2739,3.1381,6.2761,3279.461
21.3349,1.3123,3.1381,6.7261,3310.6683
21.1427,1.2317,3.1381,5.9485,3318.853
21.0621,1.225,3.1381,6.5726,3299.435
21.2346,1.2538,3.1381,6.095,3266.4893
21.2844,1.3045,3.1381,6.7888,3314.2455
21.2245,1.2426,3.1381,6.1855,3298.9111
21.2727,1.2144,3.1381,6.1663,3346.9975
21.1603,1.2913,3.1381,6.9234,3287.3407
21.0119,1.3067,3.1381,6.2114,3276.9299
21.1158,1.2239,3.1381,5.9599,3262.4736
21.3134,1.2806,3.1381,6.4662,3258.7292
21.205,1.2622,3.1381,6.0645,3270.868
21.331,1.3027,3.1381,6.9483,3276.216
20.5512,1.3014,3.1381,6.8362,3328.2934
20.6103,1.3011,3.1381,6.801,3302.4822
20.1298,1.3059,3.1381,7.0242,3339.1122
20.2877,1.3107,3.1381,6.5393,3318.359
20.5645,1.2627,3.1381,6.8051,3316.2081
20.2174,1.279,3.1381,6.9742,3327.026
20.8601,1.2718,3.1381,7.0362,3339.8086
20.6457,1.2875,3.1381,6.6249,3303.7696
20.1895,1.2708,3.1381,7.0623,3310.4398
20.1978,1.3035,3.1381,6.96,3311.3465
20.371,1.2781,3.1381,6.6776,3334.3733
20.4518,1.269,3.1381,6.7928,3299.5174
20.6854,1.3138,3.1381,6.6155,3312.7223
20.1821,1.2623,3.1381,6.9768,3336.4883
20.8709,1.2778,3.1381,6.6041,3337.3581
20.3565,1.3144,3.1381,6.9043,3314.4279
20.4279,1.2637,3.1381,6.748,3340.5612
20.2694,1.2625,3.1381,6.5341,3341.6159
20.6387,1.2961,3.1381,6.5962,3301.7694
20.3402,1.2851,3.1381,6.6721,3333.7553
24.0058,1.9721,3.7541,5.8905,3662.4613
23.7177,1.8681,3.753,5.8905,3660.874
23.8468,1.9789,3.7268,5.8905,3658.3307
24.0867,1.8828,3.7346,5.8905,3658.584
23.8452,1.9746,3.7551,5.8905,3662.439
23.7222,1.9755,3.7558,5.8905,3660.4285
23.8846,1.9288,3.7558,5.8905,3656.552
23.7391,1.9304,3.7489,5.8905,3657.2886
23.9616,1.9089,3.7494,5.8905,3661.1874
23.7691,1.9871,3.7318,5.8905,3660.2381
23.8132,1.9557,3.7307,5.8905,3658.2501
23.9269,1.9965,3.7484,5.8905,3662.9649
24.0831,1.9934,3.7476,5.8905,3659.9061
23.7207,1.8703,3.7412,5.8905,3662.3357
24.0073,1.9094,3.7358,5.8905,3659.3469
23.9518,1.9318,3.7542,5.8905,3660.2479
24.0726,1.8686,3.7371,5.8905,3656.0868
23.5545,1.9563,3.7528,5.8905,3658.3966
23.737,1.9061,3.7327,5.8905,3658.9585
23.9088,1.8731,3.7372,5.8905,3657.6591
23.7118,1.9316,3.7298,6.0305,3658.7958
23.782,1.9832,3.728,5.9381,3659.1813
23.1217,1.9971,3.7271,5.9914,3657.0816
23.2406,1.9368,3.7276,6.0448,3656.5843
23.2872,1.9501,3.7407,6.274,3658.9937
23.1913,1.9857,3.7407,6.021,3656.9728
24.0331,1.9854,3.7309,6.1093,3656.6838
23.6193,1.9349,3.7344,6.1928,3657.4546
23.4785,1.9921,3.7427,6.1068,3656.3511
23.7675,1.9927,3.733,6.0036,3656.0358
23.1163,1.9961,3.731,6.0801,3656.1482
22.9224,1.9576,3.7318,6.1518,3658.0087
23.7117,1.9749,3.7336,6.2641,3656.9119
23.0943,1.9609,3.7411,6.247,3657.8093
23.9092,1.9696,3.7285,6.2237,3658.1337
22.9492,1.9536,3.7283,6.1913,3656.6212
23.908,1.9534,3.7395,5.9427,3656.24
23.2905,1.9737,3.7408,6.1501,3659.325
23.5955,1.9306,3.7342,6.1245,3658.3788
22.9903,1.9744,3.7408,6.0599,3658.5548
23.0394,1.8804,3.7441,6.2832,3661.4898
23.0306,1.9257,3.7561,6.2832,3661.2323
23.2725,1.867,3.7522,6.2832,3660.8527
22.9454,1.904,3.7458,6.2832,3659.7602
23.0055,1.8629,3.7473,6.2832,3660.7812
23.3265,1.9103,3.7446,6.2832,3662.176
22.7513,1.9221,3.7446,6.2832,3660.1455
23.3323,1.9077,3.7556,6.2832,3661.3167
22.843,1.9063,3.7562,6.2832,3662.3536
23.1414,1.8839,3.7478,6.2832,3661.1744
23.091,1.8867,3.7567,6.2832,3660.735
23.1464,1.8789,3.754,6.2832,3662.2694
22.9503,1.9175,3.7528,6.2832,3659.855
23.1122,1.9031,3.7491,6.2832,3662.4422
23.2313,1.8838,3.7511,6.2832,3661.6825
22.7369,1.8672,3.7497,6.2832,3660.7359
22.7773,1.8944,3.7442,6.2832,3659.8076
23.3335,1.879,3.7506,6.2832,3662.9661
23.1316,1.921,3.7514,6.2832,3659.7945
22.8693,1.9235,3.759,6.2832,3662.3081
23.6011,1.9732,3.729,6.2832,3661.9023
23.4254,1.8701,3.7514,6.2832,3656.281
23.5168,1.8863,3.7529,6.2832,3657.3876
23.5102,1.9688,3.7318,6.2832,3662.1542
23.5563,1.9531,3.728,6.2832,3656.8707
23.4443,1.9233,3.7423,6.2832,3656.9292
23.5665,1.9834,3.7416,6.2832,3659.8075
23.4252,1.9147,3.7455,6.2832,3662.6975
23.9012,1.9498,3.727,6.2832,3661.951
23.4081,1.992,3.755,6.2832,3656.0688
23.9299,1.8997,3.7572,6.2832,3659.5569
23.5983,1.9591,3.7297,6.2832,3656.4867
23.3788,1.9629,3.7418,6.2832,3662.6183
23.563,1.8834,3.7368,6.2832,3660.8352
23.8087,1.9372,3.7518,6.2832,3656.8555
23.8453,1.8659,3.7399,6.2832,3662.7425
23.6894,1.9533,3.7505,6.2832,3656.2731
23.7776,1.9513,3.7521,6.2832,3659.4292
23.9071,1.8762,3.7501,6.2832,3656.6101
23.3834,1.9828,3.7421,6.2832,3658.9837
23.8408,1.9859,3.7335,6.1565,3658.5288
23.9533,1.9596,3.7302,6.137,3659.1627
23.8881,1.9954,3.729,6.1521,3658.7497
23.6588,1.9406,3.7423,6.1409,3658.0491
23.6581,1.956,3.7413,6.1929,3658.7684
23.5899,1.9693,3.7412,6.1345,3658.619
23.719,1.9526,3.7379,6.2767,3657.0998
23.9426,1.9721,3.7382,6.1698,3657.7575
23.5703,1.9276,3.736,6.1835,3658.5959
23.6238,1.9482,3.7302,6.2521,3657.8704
23.8486,1.984,3.7268,6.1722,3658.4432
23.7359,1.9395,3.7386,6.1436,3658.3692
23.5432,1.9765,3.736,6.2718,3658.6818
23.6608,1.9611,3.7336,6.1355,3658.2214
23.6069,1.9539,3.7309,6.185,3657.8865
23.7842,1.9975,3.7298,6.2337,3658.142
23.7679,1.9433,3.7422,6.195,3658.8011
23.7285,1.9829,3.7342,6.2697,3658.1513
23.8559,1.9835,3.7402,6.2445,3656.2066
23.6462,1.942,3.7398,6.2286,3657.199
26.2592,2.0358,3.8824,4.7124,3727.1999
26.1464,2.1356,3.9813,4.7124,3778.0669
26.2227,2.1202,4.0099,4.7124,3763.5911
26.1963,2.1027,3.9433,4.7124,3772.6406
26.1546,2.1541,3.9825,4.7124,3731.9068
26.0231,2.1202,4.0135,4.7124,3739.2328
26.1245,2.1104,3.9591,4.7124,3776.4517
26.4173,2.0629,3.9528,4.7124,3704.821
25.9047,2.1253,4.0327,4.7124,3779.9829
26.2163,2.0534,4.0247,4.7124,3732.2013
26.2144,2.0174,3.9215,4.7124,3733.032
26.1377,2.0621,3.8784,4.7124,3721.6916
25.8958,2.1173,3.9039,4.7124,3761.4931
26.4354,2.1649,3.88,4.7124,3759.6437
26.4753,2.0268,3.993,4.7124,3712.1787
26.487,2.1338,3.8666,4.7124,3742.8912
26.0643,2.1011,3.9724,4.7124,3758.2327
26.0634,1.9918,4.0148,4.7124,3728.0004
25.9324,2.143,3.9755,4.7124,3726.59
25.981,2.1012,3.9312,4.7124,3711.1192
25.409,2.1417,3.9628,4.8282,3699.9494
25.3539,2.0961,4.0152,5.0564,3699.4537
25.047,2.1068,3.9996,4.7724,3697.475
25.4792,2.1238,3.9746,5.0857,3698.291
25.9379,2.0775,3.9945,4.9269,3698.3174
25.8506,2.1023,4.0026,5.0427,3698.4354
25.9585,2.1577,3.9672,5.0385,3699.2264
25.9776,2.0867,3.9972,4.8661,3697.5449
26.2343,2.1232,4.0029,4.8157,3699.5641
25.2554,2.0759,3.9763,5.0162,3699.6023
25.2555,2.1246,3.9965,5.0396,3698.4734
25.9788,2.1343,3.9712,4.8182,3699.3863
26.4415,2.1242,3.9924,5.0059,3699.3591
25.7091,2.1582,3.9667,4.9544,3699.4549
25.0121,2.105,3.9626,4.8721,3699.4974
26.3527,2.0995,3.9952,4.9697,3699.9385
25.2527,2.133,3.9916,4.8918,3697.2536
25.1815,2.1012,3.9748,5.0066,3699.9895
25.3109,2.0896,3.9996,4.753,3698.0047
25.3069,2.0855,4.0141,4.7754,3699.2163
25.2866,2.0519,3.9053,5.1051,3707.9143
25.4326,2.0241,3.939,5.1051,3723.8284
25.6566,2.014,3.9168,5.1051,3710.2903
25.3517,2.0108,3.9169,5.1051,3722.5383
25.0945,1.9859,3.9068,5.1051,3715.2246
25.1792,2.0369,3.915,5.1051,3706.7562
25.0507,2.0045,3.9177,5.1051,3714.2986
25.1348,2.0674,3.8974,5.1051,3717.9978
25.3509,2.0213,3.9282,5.1051,3725.457
25.4827,2.0669,3.8736,5.1051,3708.9816
25.511,2.0102,3.8772,5.1051,3706.3198
25.6046,1.9968,3.9261,5.1051,3701.5752
25.3433,2,3.9426,5.1051,3720.519
25.2819,2.0387,3.8793,5.1051,3703.7127
25.4944,2.0429,3.8675,5.1051,3717.1107
25.5356,2.0115,3.9046,5.1051,3698.7484
25.2101,2.0546,3.947,5.1051,3707.682
25.6039,2.0611,3.9446,5.1051,3699.0277
25.5706,2.0502,3.9254,5.1051,3708.8893
25.2781,2.0474,3.9056,5.1051,3699.4395
26.2156,2.1436,3.8784,5.1051,3732.768
25.9629,2.0194,3.8897,5.1051,3737.2083
25.8009,1.9877,4.0199,5.1051,3732.1368
26.0115,2.0038,4.0208,5.1051,3733.0792
26.1892,2.0246,3.9914,5.1051,3735.0486
25.945,2.1558,3.9319,5.1051,3737.9768
25.7929,2.053,3.9379,5.1051,3733.8714
25.9918,2.1432,3.914,5.1051,3733.9123
26.1133,1.9882,3.9748,5.1051,3738.4877
26.187,2.0345,3.8664,5.1051,3739.1827
25.8159,2.0528,3.9586,5.1051,3738.0011
25.9412,2.0482,4.0195,5.1051,3740.1392
25.8818,2.0043,3.9553,5.1051,3734.3926
26.0879,2.1056,3.9762,5.1051,3735.2812
26.0295,2.1001,3.8895,5.1051,3739.8748
25.9428,2.0872,4.0074,5.1051,3733.7266
26.3548,2.1086,4.0103,5.1051,3738.4359
25.7796,2.0363,4.0214,5.1051,3732.706
26.028,2.0084,3.9941,5.1051,3736.5037
26.1433,2.0407,4.0196,5.1051,3736.0536
25.9609,2.16,3.9503,5.4695,3735.8608
25.9164,2.1367,3.9945,5.6632,3731.5369
25.9689,2.1229,4.0247,5.2438,3736.0836
26.1228,2.1387,3.9696,5.6781,3733.8289
25.9115,2.0804,4.0212,5.5356,3742.1502
26.0656,2.1667,4.0289,5.4901,3733.745
26.2478,2.0993,4.0043,5.6926,3734.847
25.9932,2.0767,3.9927,5.9774,3733.0083
26.3258,2.106,4.0189,5.9684,3733.7885
26.0468,2.0808,4.0121,5.9108,3730.436
26.0833,2.1129,4.0191,5.2584,3730.5706
26.285,2.0974,3.9665,5.7342,3738.3856
26.1137,2.1083,4.0323,5.2848,3741.5257
26.012,2.1428,4.0178,5.5783,3739.0301
26.2669,2.1105,3.9824,5.1502,3733.4009
26.086,2.1051,4.0337,5.9666,3739.919
26.0656,2.1517,3.979,5.6515,3731.0322
26.1702,2.1377,3.9976,6.0468,3730.6456
26.0402,2.0781,4.0334,5.8523,3731.7078
26.0862,2.157,4.0028,5.5067,3737.2427
35.1881,2.2562,5.2459,7.1435,3162.3671
34.9722,2.2514,5.3285,7.0981,3187.7828
35.2599,2.2563,5.3292,7.1142,3170.5714
34.8647,2.259,5.4177,7.0871,3188.3139
34.8221,2.2611,5.3588,7.1313,3143.8871
34.7868,2.2536,5.3283,7.1133,3152.0882
34.7504,2.2522,5.2607,7.1338,3151.8485
35.0003,2.2519,5.3512,7.1409,3142.0332
35.1215,2.2626,5.288,7.1342,3187.8703
35.2101,2.2624,5.4081,7.0735,3191.9374
34.9989,2.252,5.2135,7.141,3170.5277
34.9586,2.2563,5.3014,7.1104,3177.9118
34.8667,2.2574,5.4087,7.1093,3152.6498
35.2193,2.2561,5.2736,7.1088,3168.6012
34.9192,2.2514,5.2888,7.1187,3155.6428
34.9942,2.2538,5.2943,7.1401,3146.6054
35.1736,2.2524,5.3095,7.0965,3151.8731
34.7755,2.2573,5.2448,7.0707,3185.6026
34.9561,2.2606,5.363,7.084,3181.0328
35.0338,2.2588,5.3702,7.0792,3156.4832
35.6793,2.2429,5.3424,6.9439,3156.8582
35.3952,2.2468,5.3819,6.3148,3142.0964
35.1926,2.2272,5.4122,6.5117,3175.2472
35.5778,2.2321,5.3731,6.4843,3144.8771
35.2727,2.2444,5.342,6.3651,3174.1885
35.2939,2.2365,5.3632,6.353,3161.3607
35.4192,2.2263,5.3511,6.8435,3169.0505
35.1084,2.2329,5.3478,6.4995,3168.6651
34.9814,2.2226,5.3892,6.3181,3164.3571
35.3187,2.2276,5.4221,6.5685,3182.2575
35.6048,2.2258,5.4232,6.5183,3155.8497
35.1477,2.2284,5.39,6.8066,3177.7797
34.8555,2.2247,5.3522,6.7332,3144.5878
35.1846,2.2319,5.4036,6.6345,3153.5088
35.0419,2.232,5.3782,6.8807,3147.5786
35.1424,2.251,5.3272,6.7619,3165.4474
35.5715,2.2336,5.4042,6.4798,3165.9093
35.1446,2.2244,5.3484,6.2654,3161.2465
35.1312,2.2371,5.3832,6.2442,3142.123
35.1017,2.2406,5.3852,6.7044,3153.8583
35.6676,2.2217,5.3898,6.2828,3136.4132
35.6083,2.2391,5.3612,6.273,3175.4084
35.6941,2.2294,5.3326,6.2409,3169.1965
35.5246,2.2391,5.3817,6.2495,3175.4987
35.6097,2.2312,5.3703,6.2001,3179.8299
35.5898,2.2296,5.3704,6.2717,3165.2109
35.5268,2.2202,5.4109,6.2115,3171.2421
35.678,2.2256,5.3769,6.2625,3163.9028
35.4921,2.237,5.3651,6.2822,3142.7135
35.3876,2.2243,5.3236,6.2574,3157.1425
35.6165,2.2337,5.4246,6.2038,3145.1028
35.3487,2.2348,5.3734,6.2498,3174.4264
35.7003,2.222,5.3842,6.2821,3151.5201
35.5422,2.2358,5.3925,6.2252,3173.8135
35.7353,2.2409,5.426,6.2188,3162.7951
35.6278,2.2362,5.3955,6.2144,3160.2065
35.7364,2.2243,5.4043,6.2374,3150.2622
35.6434,2.2236,5.3967,6.2165,3158.4204
35.6665,2.2395,5.4115,6.2243,3143.3551
35.6044,2.2257,5.4135,6.2332,3152.9773
35.1692,2.2414,5.3576,6.5798,3147.3735
35.1843,2.2414,5.3918,6.9834,3157.1576
34.9918,2.2414,5.3267,7.0431,3146.3615
34.8654,2.2414,5.3158,6.513,3157.1007
34.8494,2.2414,5.4111,6.3939,3137.4209
35.1498,2.2414,5.3797,7.0617,3145.8089
35.0404,2.2414,5.421,6.9039,3155.4264
35.0851,2.2414,5.4255,6.421,3149.3377
35.0232,2.2414,5.4112,6.3992,3148.697
35.1315,2.2414,5.3178,6.2889,3153.0168
35.2137,2.2414,5.4202,6.3956,3150.8078
35.0598,2.2414,5.3518,6.3367,3144.1872
35.1696,2.2414,5.3266,6.8772,3151.7267
35.2314,2.2414,5.3929,6.8044,3138.5511
34.843,2.2414,5.3914,6.3501,3154.1771
35.0622,2.2414,5.356,6.5513,3154.3849
34.8401,2.2414,5.332,6.5496,3140.8234
34.9234,2.2414,5.3741,6.6765,3146.5672
35.2393,2.2414,5.3938,6.347,3153.4274
34.9579,2.2414,5.41,6.7091,3153.5207
35.9024,2.3559,5.5339,16.1007,3535.2197
35.8986,2.3545,5.696,16.1007,3529.6511
35.893,2.3505,5.6412,16.1007,3534.8858
35.8725,2.3512,5.6904,16.1007,3536.7849
35.9064,2.3452,5.7748,16.1007,3532.8021
35.8731,2.3477,5.5344,16.1007,3536.4826
35.8819,2.3546,5.3959,16.1007,3533.5629
35.9137,2.3566,5.4889,16.1007,3532.8093
35.9116,2.3474,5.7411,16.1007,3536.3918
35.8838,2.3487,5.6922,16.1007,3533.5867
35.8786,2.3458,5.3971,16.1007,3533.4665
35.8964,2.3525,5.5847,16.1007,3529.4545
35.9148,2.3544,5.56,16.1007,3535.5771
35.9148,2.3482,5.5919,16.1007,3532.2864
35.8954,2.3525,5.5458,16.1007,3531.4918
35.8795,2.3508,5.6246,16.1007,3534.291
35.9114,2.3557,5.6107,16.1007,3534.1491
35.8862,2.3452,5.581,16.1007,3533.3246
35.9145,2.3504,5.7816,16.1007,3530.0715
35.8612,2.356,5.7929,16.1007,3533.3712
36.0746,2.3521,5.6333,16.1007,3530.7703
36.1279,2.3481,5.7179,16.1007,3535.3389
35.9723,2.3567,5.6627,16.1007,3535.2721
36.0178,2.3575,5.6728,16.1007,3533.1773
35.9747,2.3529,5.7903,16.1007,3534.2274
36.0136,2.3495,5.7005,16.1007,3529.6983
36.0373,2.3585,5.77,16.1007,3530.7439
36.0793,2.3542,5.7078,16.1007,3534.7821
35.9345,2.3473,5.7559,16.1007,3531.9886
36.0805,2.3481,5.6488,16.1007,3530.4994
35.9999,2.355,5.7323,16.1007,3533.9794
35.9903,2.3525,5.7734,16.1007,3532.1817
35.9908,2.3454,5.6259,16.1007,3536.0769
35.965,2.3525,5.7149,16.1007,3529.2456
36.1974,2.3582,5.6041,16.1007,3532.2659
36.1914,2.3546,5.6683,16.1007,3532.0844
36.1575,2.3581,5.7881,16.1007,3533.4527
36.1313,2.3572,5.6697,16.1007,3535.951
35.9713,2.3528,5.6162,16.1007,3531.4548
36.0247,2.3546,5.6663,16.1007,3532.5292
36.1337,2.3522,5.6296,16.0825,3541.4525
36.2095,2.3534,5.7896,16.0715,3538.0045
36.082,2.3574,5.6823,16.0898,3542.2519
35.9271,2.3575,5.6194,16.0686,3537.3984
35.9571,2.356,5.7343,16.065,3540.8726
35.9904,2.3525,5.6184,16.0782,3539.5012
36.0325,2.3585,5.7273,16.0757,3539.0695
36.0938,2.3568,5.6395,16.0906,3541.1386
36.0071,2.3583,5.7923,16.099,3539.5213
35.902,2.3535,5.6366,16.0679,3537.4887
35.9017,2.3522,5.6721,16.0916,3538.6251
35.977,2.3528,5.7489,16.0757,3537.583
35.9076,2.3542,5.7641,16.0678,3538.8733
35.9489,2.3566,5.6478,16.0947,3539.4828
36.1602,2.3517,5.7696,16.0774,3538.8448
36.006,2.3523,5.6812,16.0711,3538.5528
36.0696,2.3516,5.7041,16.0765,3539.0768
36.1728,2.3519,5.6264,16.0881,3542.2254
36.1502,2.3528,5.6702,16.0817,3540.8435
36.1299,2.354,5.6166,16.091,3539.2088
36.3871,2.3511,5.6481,16.1062,3528.274
36.1788,2.3511,5.5924,16.1367,3539.5786
36.4062,2.3511,5.7203,16.0647,3527.0903
36.0277,2.3511,5.7624,16.0755,3531.5124
35.814,2.3511,5.6647,16.0971,3534.1985
36.266,2.3511,5.635,16.0962,3530.7411
36.0472,2.3511,5.6854,16.1419,3539.7612
36.624,2.3511,5.7843,16.0681,3539.2646
36.5896,2.3511,5.7769,16.1158,3533.1521
36.1452,2.3511,5.6224,16.1141,3526.3305
35.8271,2.3511,5.7553,16.1214,3529.1907
36.3864,2.3511,5.7926,16.1093,3537.7996
36.5297,2.3511,5.7186,16.1445,3541.2198
36.6459,2.3511,5.593,16.1441,3533.5866
35.8548,2.3511,5.7309,16.0776,3528.9334
36.1951,2.3511,5.752,16.1334,3542.1639
36.3094,2.3511,5.6677,16.0746,3531.9094
36.3995,2.3511,5.5914,16.1564,3530.9018
36.4279,2.3511,5.7601,16.1614,3534.7699
36.3678,2.3511,5.7768,16.1693,3540.689
50.8225,3.4563,5.9867,10.5774,4278.9487
49.6733,3.489,5.962,9.2392,4239.4914
51.3204,3.4769,5.9414,10.2276,4258.1608
47.2997,3.5115,5.9677,9.0796,4252.9457
49.673,3.5912,5.9821,9.7822,4250.3629
48.3153,3.5078,5.9417,9.996,4244.1954
50.7748,3.5695,5.9423,9.3426,4252.4814
47.8887,3.5171,5.9677,9.1972,4280.3492
49.0288,3.4459,5.8745,10.5089,4236.8196
48.8062,3.5828,5.9305,10.5993,4252.4041
50.7695,3.4431,5.8934,9.4456,4246.9598
50.091,3.4609,5.9692,9.867,4262.5187
47.964,3.593,5.8741,10.2582,4265.0474
48.4649,3.4691,5.876,9.5264,4241.1756
47.6296,3.5572,5.8862,9.0378,4262.5057
50.0665,3.5993,5.918,9.1499,4271.4969
49.6111,3.544,5.9199,9.5695,4251.644
47.7926,3.4983,5.953,9.4112,4272.5928
47.6923,3.5428,5.966,9.7713,4277.0193
49.1809,3.5179,5.8648,10.0681,4240.8731
44.0493,3.607,5.9098,9.0563,4238.25
46.9914,3.5596,5.8664,9.3961,4260.3659
51.2833,3.5861,5.8843,9.4285,4281.5988
51.1104,3.5102,5.8601,9.1312,4236.4186
44.901,3.5166,5.8592,9.3917,4222.0158
47.8246,3.4607,5.9487,9.5163,4249.7301
48.3927,3.4535,5.8944,9.2043,4250.5243
45.0285,3.5195,5.9123,9.155,4218.5526
48.5444,3.5955,5.9259,9.4661,4246.1298
47.1552,3.5137,5.9364,9.6146,4235.3737
45.6731,3.4906,5.9794,9.4433,4269.8142
44.3521,3.4793,5.9547,9.0652,4273.4993
48.8387,3.5972,5.9665,9.5039,4253.2154
46.1818,3.496,5.9019,9.5068,4222.0375
43.4977,3.5851,5.9379,9.2717,4226.2703
50.9276,3.5954,5.8572,9.5079,4215.2735
46.7034,3.4951,5.9595,9.5728,4267.2764
48.1344,3.4839,5.9284,9.2999,4245.7239
49.0003,3.527,5.984,9.418,4255.9439
49.3748,3.5393,5.8823,9.1986,4267.9733
49.3152,3.5363,5.8928,9.6399,4250.7681
51.1929,3.5917,5.8847,10.2602,4261.9699
44.7713,3.536,5.871,10.1253,4225.2735
49.493,3.5478,5.8595,10.0321,4216.3618
44.8446,3.5734,5.8948,10.2167,4232.7107
51.1703,3.4836,5.9168,9.6752,4249.1207
49.6607,3.5805,5.8957,10.219,4251.8529
46.6586,3.5758,5.9225,10.1907,4246.3098
49.0778,3.4877,5.8963,10.0173,4248.8576
47.2472,3.5139,5.9112,10.1134,4224.8888
49.7141,3.543,5.8713,9.8678,4258.4678
46.1208,3.5501,5.9056,9.6522,4238.3511
43.8713,3.5685,5.912,9.8145,4231.0569
47.9829,3.5176,5.9127,9.858,4228.6425
50.5177,3.4931,5.9203,10.2091,4240.4165
44.8284,3.5514,5.9093,9.7594,4245.965
46.7232,3.5099,5.8904,9.8434,4228.7409
49.239,3.5359,5.9156,9.9905,4229.269
43.6009,3.594,5.8741,9.8307,4213.3345
50.8047,3.5563,5.9179,10.1258,4239.1708
49.8292,3.4816,5.9226,10.5872,4249.1979
50.2052,3.4816,5.9226,10.588,4237.8096
50.8935,3.4816,5.9226,10.597,4251.5809
50.317,3.4816,5.9226,10.5108,4245.3058
50.2804,3.4816,5.9226,10.4789,4256.784
49.406,3.4816,5.9226,10.4721,4254.2186
49.6619,3.4816,5.9226,10.4677,4260.6911
49.4645,3.4816,5.9226,10.4393,4250.7461
49.9848,3.4816,5.9226,10.3695,4237.3498
50.4903,3.4816,5.9226,10.4213,4249.3545
49.5148,3.4816,5.9226,10.4502,4245.4843
50.3509,3.4816,5.9226,10.5242,4248.8905
50.8055,3.4816,5.9226,10.3724,4245.4807
50.5036,3.4816,5.9226,10.3164,4238.3116
49.9368,3.4816,5.9226,10.4856,4249.7345
50.2057,3.4816,5.9226,10.4291,4261.4222
49.8422,3.4816,5.9226,10.4472,4237.8249
49.4038,3.4816,5.9226,10.5314,4241.9809
49.4644,3.4816,5.9226,10.571,4239.2525
50.2488,3.4816,5.9226,10.3757,4236.7593
51.7357,3.7503,8.0297,11.408,4389.6073
49.8081,3.7512,7.8794,11.679,4376.1467
49.6622,3.7513,7.4578,11.6537,4371.4282
50.2369,3.7519,7.6495,11.5706,4373.323
50.8638,3.7513,8.0058,11.6635,4391.2157
50.7519,3.7506,7.6139,11.5121,4398.6346
51.5933,3.7513,7.6197,11.4724,4373.2943
50.7737,3.751,7.9695,11.6071,4375.2026
50.527,3.7519,7.7447,11.5017,4398.0443
50.7785,3.7519,7.6462,11.6281,4377.231
51.1643,3.7503,7.5497,11.4925,4386.6499
49.5832,3.7509,7.6314,11.5055,4377.5413
51.3654,3.7509,7.7619,11.4363,4384.9711
49.8692,3.7505,7.6883,11.6573,4377.2627
50.6326,3.7516,7.9317,11.5025,4379.4992
50.129,3.7509,8.0309,11.4797,4377.3976
50.3841,3.752,7.5208,11.685,4390.8027
51.0492,3.752,7.5068,11.5089,4384.8957
49.9307,3.7505,7.4776,11.6665,4389.3451
50.1788,3.7504,8.0409,11.5119,4393.4688
51.477,3.7521,8.0653,11.594,4351.2503
51.4824,3.7519,7.7702,11.6704,4360.7663
51.2558,3.7505,7.7921,11.4471,4347.6221
50.3042,3.7505,7.9066,11.6589,4356.6274
51.0078,3.7518,7.8666,11.6125,4369.3689
51.1232,3.7512,7.9279,11.6824,4352.2956
51.5096,3.7517,7.9407,11.3932,4358.0191
50.1519,3.7514,7.8269,11.6898,4351.4767
51.1172,3.7517,7.9976,11.6354,4365.8633
50.3658,3.752,7.8002,11.551,4361.8073
50.7598,3.7515,7.9766,11.5773,4352.3524
51.1703,3.7516,8.0334,11.5623,4368.5417
50.3096,3.7507,8.0869,11.7004,4355.4221
50.4684,3.7504,7.8104,11.4949,4369.4687
51.0184,3.7517,7.8391,11.5944,4360.3725
50.4183,3.7516,7.9842,11.6397,4355.1632
50.273,3.7515,7.8884,11.4378,4367.7378
51.0798,3.7507,7.9732,11.4152,4352.2714
51.243,3.752,7.9447,11.5446,4351.0067
50.7919,3.7511,7.7778,11.5404,4350.5625
52.5503,3.7515,7.773,11.1577,4351.8349
52.0068,3.7514,7.8111,11.2275,4347.2284
51.1245,3.7514,7.9393,11.0659,4349.7194
52.0962,3.752,7.913,11.1218,4348.9478
52.6919,3.7511,8.0468,11.045,4349.7688
51.5739,3.752,7.8213,11.0226,4351.9107
51.5666,3.7518,7.887,11.0667,4349.6472
50.9441,3.7516,7.9705,11.0336,4352.0751
50.2921,3.7513,7.8754,11.2606,4347.1579
50.5931,3.7519,8.0702,11.3214,4347.5486
50.3512,3.7521,8.0029,11.3051,4345.3244
51.3583,3.7511,8.0342,11.1146,4352.8916
50.1238,3.7517,8.0634,11.1632,4347.047
52.5857,3.752,7.928,11.3678,4348.1755
51.8456,3.7512,7.826,11.2991,4348.9458
50.1023,3.7512,7.9,11.0476,4348.1507
50.181,3.7513,8.0018,11.2485,4353.2821
50.6651,3.7512,7.9307,11.1155,4349.5666
51.3351,3.7514,7.8526,11.1823,4346.126
50.4444,3.7514,8.0221,11.2702,4345.9447
52.7964,3.7511,8.0827,10.926,4367.4676
51.1099,3.7511,7.9237,10.9008,4362.3114
51.9854,3.7511,7.965,10.9221,4369.5998
50.9847,3.7511,7.8116,10.9234,4355.9266
51.7917,3.7511,7.9238,10.9047,4374.743
51.7919,3.7511,7.7903,10.9286,4373.2852
52.7012,3.7511,8.0824,10.9586,4371.8711
52.7002,3.7511,8.0831,10.8555,4361.0269
52.6028,3.7511,7.9948,10.8406,4371.7364
51.4222,3.7511,8.0404,10.934,4376.7333
52.2508,3.7511,7.8656,10.8585,4372.6693
50.8417,3.7511,7.8871,10.972,4372.959
50.8045,3.7511,7.8779,10.927,4379.6525
50.5547,3.7511,8.0071,10.9487,4379.4428
51.669,3.7511,7.8069,10.8579,4377.1366
52.2995,3.7511,7.9044,10.9421,4363.8097
52.2857,3.7511,7.808,10.9268,4366.5768
51.5566,3.7511,7.7927,10.9382,4360.2389
51.0277,3.7511,7.9481,10.9941,4367.949
52.0008,3.7511,8.0643,10.9719,4369.7001
55.128,5.0074,7.7196,13.6518,4326.1084
55.3203,5.254,7.8324,14.0173,4319.8913
55.6205,5.1678,7.7196,13.7713,4333.8837
54.8044,4.9147,7.749,13.9827,4330.1491
55.4027,5.0222,7.7418,13.4908,4322.2931
55.2538,5.0463,7.8187,13.9114,4321.1163
55.0979,5.267,7.779,13.8869,4332.8362
55.5848,5.1861,7.766,13.5511,4326.3372
55.0544,5.0977,7.7254,13.9219,4327.6401
54.8232,5.1282,7.7565,13.4794,4325.9709
55.3139,4.9149,7.8134,13.5505,4329.2242
55.3038,5.1432,7.7116,13.6211,4324.0238
54.9841,4.8914,7.8513,14.1004,4327.6517
55.497,5.0987,7.8425,13.6511,4318.9507
55.7092,5.269,7.7488,14.0289,4321.0598
55.6893,4.9837,7.8556,13.8067,4328.6258
54.7672,5.0086,7.8127,13.7678,4317.0862
54.8808,5.272,7.7105,14.1315,4328.4255
54.6555,5.1396,7.7523,13.6597,4324.6998
55.2859,4.9656,7.8059,13.9149,4317.3062
55.1687,5.208,7.7902,14.0723,4321.8464
53.72,5.2326,7.8057,14.08,4336.1553
51.3924,5.2676,7.8564,13.8256,4358.9371
53.033,5.17,7.7921,13.8519,4334.3152
53.9078,5.2443,7.8461,13.5275,4373.8153
54.6923,5.2687,7.8251,13.459,4326.0069
53.5565,5.257,7.8063,13.9736,4353.3256
51.0403,5.2442,7.8076,13.8144,4389.8248
55.1041,5.2294,7.8173,13.7183,4342.6118
53.4108,5.166,7.7908,14.066,4374.4976
51.5252,5.2687,7.7835,13.4587,4318.3627
55.4979,5.2296,7.788,13.9961,4347.9892
52.3323,5.2524,7.8538,14.0709,4373.2447
50.929,5.2687,7.7808,14.0406,4371.3913
54.3265,5.1731,7.8196,13.6462,4380.8326
55.0565,5.1623,7.8365,13.6702,4322.2862
52.3633,5.2066,7.8266,13.439,4376.3643
51.2685,5.2306,7.8189,13.7668,4342.6523
52.7266,5.1688,7.8289,13.6238,4395.281
51.3148,5.2002,7.8046,13.7242,4388.1163
50.6047,5.133,7.8086,12.7491,4312.4719
49.9617,5.1097,7.8371,13.2822,4311.107
50.4295,5.1491,7.794,13.1626,4379.4405
50.3466,5.1147,7.8116,12.9834,4349.6747
50.6479,5.1085,7.8338,12.9803,4347.3744
49.8877,5.1152,7.8091,13.1108,4341.4929
50.1101,5.114,7.7823,13.3462,4310.1593
49.9799,5.1253,7.8458,12.7222,4322.7982
49.9036,5.1092,7.8288,13.1234,4333.1819
50.7493,5.1575,7.8058,12.8256,4392.6525
49.7367,5.1462,7.7902,13.2441,4349.7304
50.2561,5.1067,7.8041,13.301,4391.5713
49.9609,5.1236,7.8163,13.0282,4345.0785
49.9755,5.1308,7.8112,13.1959,4346.8081
49.8738,5.1246,7.8294,13.1516,4373.7378
50.647,5.1315,7.8367,12.7266,4388.5968
50.3022,5.1252,7.7982,13.0294,4323.3126
50.118,5.1528,7.7866,12.6647,4357.4486
49.758,5.1459,7.846,13.2811,4319.4874
49.8693,5.158,7.8546,13.2747,4306.0906
54.4037,5.1036,7.8151,13.0692,4311.7296
52.7531,5.1036,7.7879,12.6507,4306.0368
52.7543,5.1036,7.8362,12.7097,4332.3831
54.19,5.1036,7.8115,13.2434,4338.9043
49.8642,5.1036,7.844,13.9998,4372.8296
54.3509,5.1036,7.7976,13.6675,4359.2692
51.8311,5.1036,7.854,13.8696,4348.0546
49.8722,5.1036,7.833,12.9271,4311.1743
53.6162,5.1036,7.8449,13.2598,4323.8314
50.497,5.1036,7.8376,12.8404,4363.7817
50.4394,5.1036,7.8272,14.0992,4316.59
52.8767,5.1036,7.8027,13.6074,4320.4197
51.0227,5.1036,7.7889,13.3733,4327.0379
51.3902,5.1036,7.808,12.9283,4382.1469
51.7997,5.1036,7.7978,14.371,4360.7469
51.8239,5.1036,7.7902,13.9212,4379.7953
51.7174,5.1036,7.7923,14.1632,4359.5512
52.897,5.1036,7.7952,13.3464,4368.717
50.5606,5.1036,7.8396,12.8799,4334.4226
50.6725,5.1036,7.8015,14.3261,4331.356
43.6455,2.453,5.2939,9.2947,4239.3668
45.1628,2.4635,5.2615,9.2998,4298.6677
44.6196,2.4607,5.2491,9.4067,4310.2431
45.2186,2.459,5.3278,9.185,4309.6223
44.093,2.4573,5.2406,9.3317,4280.6714
45.1719,2.4631,5.3236,9.3124,4285.6619
43.1649,2.4515,5.2771,9.2868,4315.6115
44.4631,2.4493,5.2576,9.2419,4304.517
44.8728,2.4517,5.3025,9.1509,4244.4639
43.6527,2.451,5.2968,9.2897,4313.9504
45.155,2.4511,5.2631,9.2887,4233.5982
44.7916,2.4649,5.3043,9.2501,4277.1919
44.9273,2.454,5.2964,9.2756,4312.6556
44.3839,2.4519,5.3192,9.3886,4253.3384
44.8545,2.465,5.3036,9.2328,4236.1299
43.859,2.4552,5.3282,9.3472,4273.4211
43.6323,2.4492,5.3109,9.267,4244.5533
43.8232,2.464,5.3098,9.2532,4297.0035
44.4077,2.4579,5.2493,9.3426,4288.2731
44.9347,2.4552,5.2529,9.3103,4295.1497
44.035,2.4543,5.3172,9.1262,4238.3348
43.5468,2.4553,5.2918,8.7778,4236.3742
41.5456,2.4515,5.3022,8.7874,4240.5493
42.6227,2.4508,5.3011,9.0094,4242.9652
40.9832,2.4512,5.3304,8.6208,4232.3863
44.4128,2.4555,5.2886,9.0778,4230.2741
41.6973,2.4468,5.3323,9.4138,4231.3506
42.3565,2.4477,5.3195,9.0071,4231.3539
44.2158,2.4538,5.304,8.8445,4236.1217
43.2278,2.4533,5.3241,8.7092,4228.8257
43.5619,2.4532,5.2948,9.2079,4228.7187
42.6893,2.4529,5.3087,9.1723,4235.1471
41.8136,2.4497,5.2998,8.9202,4234.2921
44.8424,2.4465,5.3265,9.3666,4228.6987
41.7224,2.455,5.3203,8.6514,4237.5777
41.6369,2.4461,5.3134,8.8718,4236.0662
43.756,2.4552,5.3022,9.0191,4237.7703
43.427,2.4495,5.3224,8.9821,4232.7287
42.8078,2.4484,5.3028,9.038,4239.4188
42.2478,2.4497,5.305,9.3059,4238.4813
44.9386,2.4557,5.3245,8.6222,4242.2978
45.0215,2.4558,5.3293,8.576,4242.9238
43.0379,2.4557,5.3221,8.6245,4242.6317
43.254,2.4557,5.3237,8.6329,4242.5547
46.089,2.4556,5.32,8.5809,4242.3108
44.0268,2.4555,5.2967,8.6341,4242.9874
45.5155,2.4557,5.3024,8.5916,4242.367
42.4313,2.4554,5.3309,8.5878,4242.6588
44.2923,2.4558,5.3221,8.5895,4242.6266
44.1096,2.4558,5.2966,8.5902,4242.2076
46.1274,2.4557,5.3166,8.6017,4242.7262
41.4069,2.4556,5.3088,8.616,4242.018
43.637,2.4557,5.3149,8.5835,4242.8522
43.7505,2.4556,5.2998,8.6289,4242.2543
41.4298,2.456,5.321,8.6256,4242.3337
45.8111,2.4554,5.2991,8.5892,4242.3471
45.702,2.4555,5.3047,8.612,4242.5914
43.3061,2.456,5.312,8.5906,4242.7227
45.1497,2.456,5.29,8.5966,4242.1117
41.7434,2.456,5.2912,8.6106,4242.898
44.3581,2.4554,5.2909,8.9498,4296.5846
45.4973,2.4554,5.3317,8.6875,4248.7307
44.9105,2.4554,5.3266,8.865,4305.8248
43.6471,2.4554,5.2945,9.0445,4302.0826
45.7016,2.4554,5.3079,9.0463,4257.4419
45.3602,2.4554,5.3067,8.7713,4243.6953
44.7911,2.4554,5.306,9.0538,4242.9891
45.2525,2.4554,5.3099,9.1276,4259.8274
43.7915,2.4554,5.2916,9.0921,4315.2722
43.192,2.4554,5.334,8.7345,4294.8708
45.8194,2.4554,5.3145,8.6987,4299.1912
45.5726,2.4554,5.3322,8.7749,4296.6906
44.0967,2.4554,5.3113,9.1257,4284.0179
45.133,2.4554,5.2861,8.6868,4291.083
43.2358,2.4554,5.306,8.9763,4268.8097
43.2402,2.4554,5.3164,8.6741,4283.0539
44.2824,2.4554,5.3288,9.1004,4248.9131
43.5961,2.4554,5.3305,9.1292,4242.9609
45.0493,2.4554,5.3255,9.1274,4283.6658
44.3197,2.4554,5.294,9.0817,4306.4267
45.5424,3.5266,5.505,10.9956,4291.7213
44.9347,3.5053,5.4614,10.9956,4282.9447
45.4687,3.5147,5.5828,10.9956,4287.6943
45.1643,3.4951,5.4484,10.9956,4286.1358
44.8271,3.5034,5.5913,10.9956,4294.1868
45.0483,3.5071,5.5037,10.9956,4297.443
45.4031,3.4946,5.458,10.9956,4283.3541
44.4199,3.5107,5.5361,10.9956,4285.6045
44.7005,3.5156,5.5933,10.9956,4296.6694
45.5523,3.5324,5.6218,10.9956,4294.2397
44.7105,3.4961,5.6002,10.9956,4292.5666
45.0766,3.4931,5.5191,10.9956,4296.8384
45.4227,3.5019,5.4359,10.9956,4285.0765
45.5569,3.495,5.5403,10.9956,4294.0744
45.0684,3.5132,5.5233,10.9956,4284.4153
44.291,3.502,5.5232,10.9956,4281.7633
44.1878,3.533,5.4807,10.9956,4289.2894
45.0184,3.5173,5.6188,10.9956,4286.793
44.9457,3.5121,5.4525,10.9956,4287.9744
45.5092,3.5253,5.6026,10.9956,4286.3886
43.4273,3.5192,5.6212,10.9956,4307.1818
43.6666,3.5082,5.5597,10.9956,4302.3757
44.0652,3.5308,5.5575,10.9956,4303.434
44.8193,3.5287,5.5547,10.9956,4309.3368
42.8092,3.5267,5.5799,10.9956,4299.4462
44.0168,3.5219,5.6054,10.9956,4302.2934
45.4768,3.5015,5.6455,10.9956,4302.536
43.5698,3.5068,5.5778,10.9956,4300.1797
44.0755,3.4966,5.6387,10.9956,4306.669
45.3944,3.5051,5.5849,10.9956,4305.2897
43.0152,3.532,5.5783,10.9956,4309.9584
44.618,3.4967,5.566,10.9956,4304.4637
44.9058,3.4968,5.5582,10.9956,4305.7677
45.2372,3.5301,5.564,10.9956,4309.0259
44.6732,3.5283,5.6477,10.9956,4306.7717
44.9094,3.5193,5.5605,10.9956,4305.0862
43.6967,3.5284,5.5464,10.9956,4303.5613
45.374,3.514,5.5619,10.9956,4301.8461
44.7749,3.5057,5.5473,10.9956,4304.4047
44.7566,3.5092,5.5398,10.9956,4299.546
42.4652,3.4959,5.6131,10.9956,4303.8328
42.5816,3.4991,5.6088,10.9956,4297.5561
42.4984,3.4958,5.6329,10.9956,4306.729
42.5392,3.5046,5.5822,10.9956,4306.1147
42.4911,3.5068,5.5515,10.9956,4292.0309
42.6699,3.5024,5.5838,10.9956,4293.7657
42.4389,3.4983,5.5456,10.9956,4295.0396
42.4736,3.5051,5.5456,10.9956,4309.7471
42.6868,3.5061,5.5529,10.9956,4290.1781
42.5758,3.4954,5.5949,10.9956,4297.6709
42.6133,3.5035,5.5742,10.9956,4298.407
42.532,3.5044,5.6259,10.9956,4298.39
42.6388,3.4955,5.5885,10.9956,4297.6727
42.5454,3.5003,5.6025,10.9956,4297.013
42.5392,3.503,5.5632,10.9956,4306.8319
42.5401,3.4956,5.5786,10.9956,4305.8107
42.5805,3.5062,5.6085,10.9956,4304.5369
42.6909,3.4961,5.6349,10.9956,4295.873
42.5631,3.5032,5.5957,10.9956,4305.3287
42.5914,3.5045,5.6379,10.9956,4303.2948
42.6134,3.5069,5.5778,10.9956,4292.6101
43.2003,3.5069,5.6105,10.9956,4290.1988
43.1853,3.5069,5.5859,10.9956,4292.4609
43.3525,3.5069,5.5883,10.9956,4294.5289
43.7767,3.5069,5.6129,10.9956,4290.8804
43.6023,3.5069,5.5919,10.9956,4294.3482
43.8882,3.5069,5.5506,10.9956,4293.5966
42.5202,3.5069,5.5501,10.9956,4293.2722
42.7996,3.5069,5.5848,10.9956,4294.7591
43.1999,3.5069,5.5751,10.9956,4291.255
44.0321,3.5069,5.6481,10.9956,4291.2518
43.7511,3.5069,5.5487,10.9956,4292.9557
43.1869,3.5069,5.561,10.9956,4291.8885
42.9894,3.5069,5.64,10.9956,4294.5302
42.5317,3.5069,5.6174,10.9956,4290.6483
43.6691,3.5069,5.5693,10.9956,4291.8588
43.2786,3.5069,5.6423,10.9956,4293.4177
42.7667,3.5069,5.6096,10.9956,4290.5935
43.1458,3.5069,5.5927,10.9956,4293.0944
42.7146,3.5069,5.5489,10.9956,4294.9792
48.2342,4.5231,5.666,12.8247,4184.729
46.5784,4.5219,5.6489,12.7648,4184.6835
49.0555,4.5226,5.6681,12.8935,4184.6713
45.0615,4.5236,5.6556,12.7021,4184.6281
48.5684,4.5167,5.676,12.6677,4184.8699
47.6939,4.5156,5.6525,12.7168,4184.9729
47.3144,4.5176,5.6522,12.7198,4184.9275
47.7972,4.5244,5.677,12.6591,4184.8331
48.126,4.518,5.6583,12.9525,4184.826
45.3955,4.5195,5.679,12.8443,4184.9252
48.778,4.5184,5.665,12.686,4184.6836
45.0494,4.5169,5.6709,12.6405,4184.6741
46.2585,4.522,5.6833,12.7219,4184.733
45.7645,4.5221,5.6651,12.8748,4184.8064
48.9884,4.519,5.6607,12.6557,4184.7509
45.2818,4.5177,5.6836,12.8307,4184.8696
47.4973,4.5234,5.6515,12.7224,4184.7299
47.7395,4.5154,5.6667,12.821,4184.8587
47.8005,4.5179,5.6592,12.5913,4184.8502
48.722,4.5208,5.6578,12.7232,4184.9342
49.2399,4.5284,5.6657,12.9591,4195.3681
48.3303,4.5327,5.6562,12.9591,4188.2281
48.6745,4.5374,5.6518,12.9591,4199.5294
48.4768,4.5383,5.6615,12.9591,4199.6703
49.0529,4.5364,5.6612,12.9591,4193.4601
48.6574,4.531,5.6543,12.9591,4200.7116
48.467,4.534,5.6487,12.9591,4186.3319
48.1635,4.5302,5.6647,12.9591,4185.731
48.7754,4.5411,5.6592,12.9591,4199.5675
49.2047,4.5325,5.6583,12.9591,4194.1009
49.2382,4.5299,5.6596,12.9591,4192.059
48.5543,4.5363,5.6559,12.9591,4191.209
48.355,4.5329,5.6566,12.9591,4191.9706
48.4805,4.5375,5.6628,12.9591,4185.2934
48.894,4.53,5.6664,12.9591,4193.6754
48.175,4.5376,5.6642,12.9591,4192.6147
48.685,4.5367,5.6547,12.9591,4190.1164
48.1666,4.5348,5.6514,12.9591,4192.758
49.2188,4.53,5.6567,12.9591,4190.0319
49.0593,4.5267,5.6568,12.9591,4186.2833
48.6639,4.5384,5.6629,12.9569,4215.0071
48.7631,4.5295,5.6615,12.2327,4207.4943
48.6693,4.5387,5.6536,12.8211,4214.4634
48.3221,4.541,5.6656,12.9341,4216.6093
48.2196,4.53,5.652,12.5994,4206.9533
48.7159,4.5398,5.6645,12.2277,4212.7044
48.6709,4.5311,5.6587,12.8227,4202.0354
48.3045,4.5315,5.664,12.6906,4201.6334
48.2738,4.5354,5.6574,12.5938,4209.4731
48.3403,4.5364,5.6591,12.3058,4212.4217
48.7028,4.5387,5.6644,12.8316,4202.7683
48.6975,4.53,5.6671,12.213,4214.414
48.5182,4.5338,5.6639,12.7184,4215.0773
48.5191,4.5288,5.6641,12.4695,4212.493
48.3153,4.5311,5.6665,12.7765,4208.4536
48.6098,4.5303,5.6649,12.9016,4216.0749
48.6791,4.533,5.6592,12.2256,4205.8768
48.4262,4.5321,5.6602,12.7436,4218.9955
48.4295,4.5279,5.6487,12.8671,4206.2332
48.4434,4.5413,5.6552,12.735,4217.2248
47.8967,4.5277,5.6651,12.1697,4239.7703
46.5792,4.5277,5.6637,12.0695,4224.5317
45.8203,4.5277,5.6641,12.1249,4232.6119
45.8042,4.5277,5.6542,11.981,4240.6793
46.3405,4.5277,5.6673,12.1319,4240.5714
47.9583,4.5277,5.6669,12.125,4242.7755
46.5318,4.5277,5.656,12.1195,4232.4459
48.3861,4.5277,5.6511,12.0199,4232.2382
48.4138,4.5277,5.6619,12.0931,4227.4124
48.1897,4.5277,5.6546,12.0732,4221.7066
48.3399,4.5277,5.6503,12.0742,4232.8824
46.8795,4.5277,5.6531,12.1607,4246.743
48.5804,4.5277,5.6676,12.0252,4229.7676
46.0907,4.5277,5.6572,12.066,4231.5839
46.4212,4.5277,5.6642,11.9901,4227.5625
45.7466,4.5277,5.6496,12.0347,4231.8199
47.1867,4.5277,5.6559,12.1629,4227.8438
46.6473,4.5277,5.6547,12.0291,4226.965
45.8653,4.5277,5.6502,12.1676,4233.5493
47.0341,4.5277,5.666,12.1212,4246.6378
